id,subreddit,author,created_utc,num_comments,title,selftext,score,hurricane,keyword_hit,created_date,source_type
1fwocdb,sarasota,ilovemydogsam,2024-10-05T11:34:02+00:00,3,"Harper was Loved💖Ashes found after Hurricane Helene in Siesta Key, Florida",,79,milton,hurricane,2024-10-05 11:34,community_discussion
1fwqy4j,sarasota,mrtoddw,2024-10-05T13:55:04+00:00,12,Invest 92L/Storm Milton,"https://preview.redd.it/5n1att111ysd1.png?width=768&format=png&auto=webp&s=31b65f7a28dbeac77683360336f6a32b25f8bb1e

https://preview.redd.it/euylupb21ysd1.png?width=768&format=png&auto=webp&s=226bf37a8a1b8f5aa7ed01492165e6cd7b589919

10/05/24 10:00 AM

**CURRENT STATUS: Invest site**

Location: 29.5°N 84.1°W

Maximum Winds: n/a MPH  Gusts: n/a MPH

Minimum Central Pressure: 1007 mb

Environmental Pressure: n/a

Radius of Circulation: n/a

Radius of Maximum Wind: n/a miles",16,milton,storm|milton,2024-10-05 13:55,community_discussion
1fwr0yy,sarasota,mrtoddw,2024-10-05T13:59:10+00:00,0,🚨🚨 URGANT WARNING: POSSIBLE MAJOR HURRICANE COMING!! 🚨🚨,"Get your sandbags and supplies ready! This storm is tracked to come directly to Sarasota on Wednesday. Models are showing anywhere from a CAT 2-4 hurricane.



https://preview.redd.it/anmchnsd1ysd1.jpg?width=2048&format=pjpg&auto=webp&s=aed5a0fb98a741e148f5c27b6b97b11d111da9e1

https://preview.redd.it/31eu6kme1ysd1.png?width=768&format=png&auto=webp&s=0b20184e80e5c41ba26bfd6560e85ffb5042950a

https://preview.redd.it/qi9efszf1ysd1.png?width=768&format=png&auto=webp&s=613aeed405ccfc254da3efe0fda5fe65e662a4e5

",1,milton,hurricane|storm,2024-10-05 13:59,community_discussion
1fwr442,sarasota,mrtoddw,2024-10-05T14:03:13+00:00,151,🚨🚨 URGENT WARNING: POSSIBLE MAJOR HURRICANE FOR OUR AREA 🚨🚨,"Get your sandbags and supplies ready! This storm is tracked to come directly to Sarasota on Wednesday. Models are showing anywhere from a CAT 2-4 hurricane.

https://preview.redd.it/xnxvf9zc2ysd1.jpg?width=2048&format=pjpg&auto=webp&s=293cc5060024756dda4fefe6c04040207d4e5e19

https://preview.redd.it/go6821wd2ysd1.png?width=768&format=png&auto=webp&s=a8b6e4ce243dc910a476431c38131e95e62ecf81

https://preview.redd.it/5rjbc8oe2ysd1.png?width=768&format=png&auto=webp&s=ef7d2d289e09544a169e9ceb3192b2a71804694e

",88,milton,hurricane|storm,2024-10-05 14:03,community_discussion
1fws0c9,sarasota,PA_PIVO,2024-10-05T14:46:11+00:00,1,FEMA and State assistance for condominium associations ,Does anyone know if there is any FEMA or state assistance available for condominium associations?,1,milton,fema,2024-10-05 14:46,community_discussion
1fwwed7,sarasota,AdventurousFlan4994,2024-10-05T18:04:10+00:00,57,3 hurricanes touch Sarasota in 3 months?,Seems like it will happen with the new storm coming from across the gulf. This is nuts.,48,milton,storm,2024-10-05 18:04,community_discussion
1fwxr8d,sarasota,YippieYiYi,2024-10-05T19:06:22+00:00,49,So another hurricane...but why sandbags?,"I've lived in Florida almost 20 years and been through a number of hurricanes. People go crazy for sandbags, but I don't get what they are for. I can see they would be helpful along a stream to shore up the banks and help prevent it from breaching, but I don't get what good they are around a house. They aren't a water tight seal, water will go right through a stack of them, and then in addition to a flooded house you have all these heave wet sandbags. I guess they'd be good to put along the bottom of doors to help prevent windblown water from getting in (I use bags of wood chips, and then use them to replenish what's washed away). So educate me, what do people use sandbags for, and do they work?",38,milton,hurricane,2024-10-05 19:06,community_discussion
1fx0wyr,sarasota,zendor151,2024-10-05T21:32:31+00:00,48,Panic buyers:,"You don't need to buy several weeks worth of water and toilet paper every single time a hurricane is coming through. Maybe consider getting refillable containers like a sane human being.

That is all.",145,milton,hurricane,2024-10-05 21:32,community_discussion
1fx26lk,sarasota,Gizmo16868,2024-10-05T22:34:26+00:00,11,The European AI Model can F - right off! ,"I don’t know why the European AI model is being even shown off as a legitimate possible path because if you think I’m gonna trust the chat gpt of storm modeling - yeah right. 

But I specially am not a fan of that model cuz it has the eye wall path coming right into longboat key and tracking straight through Sarasota/Bradenton. 

Thankfully the other main models they use the most are showing Bay Area or North of Tampa which I don’t wish them ill either but please just keep us out of the 5-10 mile danger zone of the eye  🙏 

I rarely drink but Wednesday I may need to lol. Already have a big dent in my new car from Helene and a spastic tree branch. I guess Mother Nature wasn’t satisfied! ",0,milton,storm,2024-10-05 22:34,community_discussion
1fx4t1x,sarasota,Jaded-Plan7799,2024-10-06T00:50:11+00:00,17,Welp. Storm/Hurricane projected to land fall Wednesday. My jury duty is on Wednesday. ,Gods sent me a blessing or a curse?,19,milton,hurricane|storm,2024-10-06 00:50,community_discussion
1fx6lj3,sarasota,zone_eater,2024-10-06T02:30:46+00:00,56,When do y'all evacuate if you're not in a flood zone?,"I'm always sort of torn because my apartment is pretty far inland and it's in the highest zone, but there's also a lot of trees around. We evacuated for Irma and Ian and apparently never lost power here but the drive back was harrowing, we just made it before 75 flooded near Port Charlotte. Idk... How is everyone feeling? How do you make the call? My car is not super reliable right now so I'm on the fence.",48,milton,flood|power,2024-10-06 02:30,community_discussion
1fx7z7p,sarasota,insanityys,2024-10-06T03:53:35+00:00,15,Californian who needs advice,"Alright so I’m in Sarasota and I just hunkered down for Helene at my place. We lost internet for a day and power was flickering in and out but never went out fully. No flooding either, we’re in flood zone D. Should I be dipping out for Milton? Like what kind of hurricane should make me leave? I heard any hurricane hitting you head on you should leave. Advice greatly appreciated thank you. ",2,milton,hurricane|flood|power|milton,2024-10-06 03:53,community_discussion
1fxggx3,sarasota,Doglover-85,2024-10-06T13:27:08+00:00,11,Emergency Management App?,"Hi, I’m from Pinellas and currently displaced in Sarasota at a short term rental due to Hurricane Helene. The house we’re staying at is in evac zone D. Does Sarasota have an emergency app that gives storm updates, evacuation announcements, and other emergency notices? In Pinellas it’s called Ready Pinellas. We rely on this so much during Hurricane season.

Hoping this also helps anyone else new to the area as well. Thanks! ",6,milton,hurricane|storm,2024-10-06 13:27,community_discussion
1fxihka,sarasota,DiezelWeazel,2024-10-06T15:02:52+00:00,14,Potential for flooding at SRQ?,Does SRQ long-term parking usually flood during severe weather? Trying to decide where to leave a car this week (currently in evac level A). ,6,milton,flood|weather,2024-10-06 15:02,community_discussion
1fxjvif,sarasota,Pale_Sun8898,2024-10-06T16:03:18+00:00,49,Even before a hurricane nobody wants liquid death…,,131,milton,hurricane,2024-10-06 16:03,community_discussion
1fxlo1q,sarasota,EuphoricComplex267,2024-10-06T17:21:06+00:00,283,Is anyone else legit panicking about this one?,"I've been here since just before Ian, and have never felt this uneasy and panicked about a storm. I've been restless for days. I'm not in an evacuation zone but am probably going to evacuate. Is anyone else particularly nervous? ",201,milton,storm,2024-10-06 17:21,community_discussion
1fxltxi,sarasota,AnticrombieTop,2024-10-06T17:28:04+00:00,12,"Sarasota County Schools are closed Monday, October 7th. ",https://www.sarasotacountyschools.net/o/scs/page/hurricane,35,milton,hurricane,2024-10-06 17:28,community_discussion
1fxmfx1,sarasota,Mother_Earth_420,2024-10-06T17:54:41+00:00,1,"🚨URGENT: Emergency Fosters Needed in Englewood Suncoast Humane Society!! Our animals need “SHELTER FROM THE STORM”. 🌪 Our shelter is preparing for the storm, and we need your help to evacuate all our animals. Suncoast is in URGENT need of emergency fosters. ","Our shelter is preparing for the storm, and we need your help to evacuate all our animals. Suncoast is in URGENT need of emergency fosters. If you can assist, simply come to the shelter during our regular business hours. Our goal is to clear the shelter before NOON on Tuesday!! 🐾

Suncoast Humane Society is located at:
6481 San Casa Dr. Englewood, FL 34224

For more information, please contact us at shelter@humane.org and/or foster@humane.org
Let’s get our animals to safety before the storm hits! 🌪️❤️ #HurricaneMilton #FosterPets #SuncoastHumaneSociety

For emergencies:
CALL: 
941-894-4071
EMAIL:
Foster@humane.org
Shelter@humane.org",64,milton,storm,2024-10-06 17:54,community_discussion
1fxo0o4,sarasota,Additional_Foot2988,2024-10-06T19:01:53+00:00,50,Trigger Alert. Unpopular opinion incoming.,"After spending the week helping victims from the last storm it was kind of discouraging to see how many people are out trying to get video of the carnage.  I get it as humans we love to sit in the comfort of our homes and look at videos of people fighting, accidents, and all sorts of train wrecks. It’s encouraged and promoted white thumbs up and likes all over.  This storm is going to need more humanitarians and less influencers.  Do better.",91,milton,storm,2024-10-06 19:01,community_discussion
1fxoe9d,sarasota,sayaxat,2024-10-06T19:17:48+00:00,55,Forecast posted 53 minutes ago says Milton is leaning towards Sarasota. Meteorologist based in St Pete. ,,36,milton,milton,2024-10-06 19:17,community_discussion
1fxoztc,sarasota,justin_quinnn,2024-10-06T19:43:31+00:00,5,"Manatee and Sarasota schools, universities announce closures ahead of Hurricane Milton",,8,milton,hurricane|milton,2024-10-06 19:43,community_discussion
1fxqlp1,sarasota,i_heart_kermit,2024-10-06T20:52:56+00:00,45,Just. Breathe.,"At some point you've done all you can do and you have to wait.

I've got water, a reasonable personal amount of toilet paper, plastic bags, storm shutters, batteries, books, and cat food.   Evacuate if you have to NOW or tomorrow at the latest.

Otherwise hold on and expect the worst and hope for the best.  At the very least if you have water you will be ok.",145,milton,storm,2024-10-06 20:52,community_discussion
1fxtjhb,sarasota,Worried-Blueberry421,2024-10-06T23:08:04+00:00,9,Preparations Commence for Milton ,Robarts Sports Arena used as parking for repair trucks on 10/6 at 6:45pm,47,milton,milton,2024-10-06 23:08,community_discussion
1fxtqqe,sarasota,Irishfireclaw88,2024-10-06T23:18:13+00:00,56,You got this everyone,"I know this hurricane is scary and all that, I’m glad everyone is taking this seriously and I wish all of you good fortune and safety! We can do this Sarasota",177,milton,hurricane,2024-10-06 23:18,community_discussion
1fxvp9z,sarasota,Floordoctor_941,2024-10-07T00:59:14+00:00,0,Special Offer: 15% Discount for Hurricane Helene Victims,[removed],0,milton,hurricane,2024-10-07 00:59,community_discussion
1fxwv5l,sarasota,UT2K4nutcase,2024-10-07T02:00:48+00:00,2,Hwy 41 conditions?,I drive from airport area to south Venice for work. Anybody experiencing any flooded/impassable areas to avoid yet? Are any gas stations open on this route?,2,milton,,2024-10-07 02:00,community_discussion
1fxxpzc,sarasota,Acrobatic_Waltz_7303,2024-10-07T02:46:02+00:00,5,Which beach? Recommendations,"So 4 girls including bride throwing bachelorette party Wednesday morning. Should we start on Lido or Siesta? Looking forward to the sunshine and interested in the drum circle.......... join our group we will be chanting F.U.MILTON. No but seriously, STOP THESE STUPID HURRICANES AND FLOODING. ",0,milton,milton,2024-10-07 02:46,community_discussion
1fxy2gl,sarasota,Beanpodpea,2024-10-07T03:04:48+00:00,5,Hurricane Community Cleanup,"Does anyone know of community cleanups in the Sarasota/Bradenton area? I know with the next storm it’s going to add to the mess that is already here… I love my city and feel helpless knowing how much damage has been done. Is the community you allowed to come in to the affected areas and help cleanup? I can’t find anything online just yet? 

Stay safe and be prepared! ",11,milton,hurricane|storm,2024-10-07 03:04,community_discussion
1fy584d,sarasota,mrtoddw,2024-10-07T11:22:18+00:00,144,Hurricane Milton Megathread,"# Hurricane Milton

Current Tracks:

https://preview.redd.it/0532uja6jbtd1.png?width=897&format=png&auto=webp&s=66fe3493266f2a6484293fe080c68ed104ad2514

https://preview.redd.it/434rras7jbtd1.png?width=768&format=png&auto=webp&s=022d0ef6e2aa67e5fbe5b6326062e2655f9297ff

  


# Storm Tracking News Sources 🗺️:

* [NATIONAL HURRICANE CENTER](https://www.nhc.noaa.gov/refresh/graphics_at4+shtml/153329.shtml?gm_track#contents)
* [Windy.com Tracker](https://www.windy.com/?850h,22.330,-85.122,5)
* [Mike's Weather Page](https://spaghettimodels.com/)
* [ABC 7](https://www.mysuncoast.com/weather/hurricane/)
* [WFLA (Channel 8, NBC)](https://www.wfla.com/weather/weather-stories/)
* [WTSP (Channel 10, CBS)](https://www.wtsp.com/)
* [WTVT (Channel 13, Fox)](https://www.fox13news.com/)
* [Weather Channel](https://twitter.com/weatherchannel)
* [Bay News 9 Storm Page](https://baynews9.com/fl/tampa/weather/hurricane-center)
* [WMNF 88.5 FM Website](https://www.wmnf.org/weather/)

# Social Media 📮:

# Twitter / X

* [Mike Clay Chief Meteorologist Bay News 9](https://twitter.com/Mike_Clay)
* [John Morales Certified Consulting Meteorologist](https://twitter.com/JohnMoralesTV)
* [FL Division of Emergency Management](https://twitter.com/FLSERT)

# Reddit

* [r/TropicalWeather](https://www.reddit.com/r/TropicalWeather/)
* [r/hurricane](https://www.reddit.com/r/hurricane/)
* [r/Weather](https://www.reddit.com/r/weather/)

# YouTube

* [Tropical Tidbits](https://www.youtube.com/@Tropical-Tidbits)
* [NOAA/NWS National Hurricane Center](https://www.youtube.com/@nwsnhc)
* [Channel 10 CBS](https://www.youtube.com/@10TampaBay)
* [Channel 8 NBC](https://www.youtube.com/@WflaNewsChannel8)
* [Tropical Tidbits YouTube](https://www.youtube.com/@Tropical-Tidbits)
* [MikesWeatherPage YouTube videos](https://www.youtube.com/@MikesWeatherPage/videos)

# Facebook

* [Bryan Bennett Meteorologist](https://www.facebook.com/MeteorologistBryanBennett?__tn__=-UC*F)
* [Denis Philips Meteorologist](https://www.facebook.com/denisphillipsweatherman/)

# Florida Public Radio Emergency Network

* [FPRE Network App](https://floridastorms.org/app/)
* [WMNF 88.5 FM Website](https://www.wmnf.org/weather/)
* [WMNF 88.5 Livestream](https://stream.wmnf.org/wmnf_high_quality)
* [WMNF Phone App (Play Store)](https://play.google.com/store/apps/details?id=wmnf.org.wmnf.wmnf)
* [WMNF Phone App (Apple Store)](https://itunes.apple.com/us/app/wmnf-player/id351862462?mt=8)

# Apps

* RadarOmega ([iOS](https://apps.apple.com/us/app/radaromega/id1439881811?ls=1), [Android](https://play.google.com/store/apps/details?id=com.radarx.stormmapping.stormmapping), [MacOS, Windows, and Linux](https://www.radaromega.com/)) - $8.99 one-time
* Radarscope [(iOS](https://apps.ap/), [Android](https://play.google.com/store/apps/details?id=com.basevelocity.radarscope&hl=en_US)) - $9.99 one-time
* [MyRadar](https://myradar.com/) ([iOS](https://apps.apple.com/us/app/myradar-weather-radar/id322439990), [Android](https://play.google.com/store/apps/details?id=com.acmeaom.android.myradar)) - Free with add-ons
* [Windy](https://www.windy.com/?42.651,-71.161,5)  ([iOS](https://apps.apple.com/us/app/windy-com-weather-radar/id1161387262),[Android](https://play.google.com/store/apps/details?id=com.windyty.android&hl=en_US)) - Free with add-ons
* [FEMA App](https://www.fema.gov/about/news-multimedia/mobile-products) [(iOS](https://apps.apple.com/us/app/fema/id474807486), [Android](https://play.google.com/store/apps/details?id=gov.fema.mobile.android&hl=en)) - Free
* [FPRE Network App](https://floridastorms.org/app/) - Free

# Websites

* [NOAA National Hurricane Center](https://www.nhc.noaa.gov/)
* University of Wisconsin's [Space Science and Engineering Center](https://tropic.ssec.wisc.edu/)
* National Environmental Satellite, Data, and Information Service's (NESDIS) [STAR GOES Imagery](https://www.star.nesdis.noaa.gov/star/index.php)
* [Mike's Weather Page](https://spaghettimodels.com/)
* [MikesWeatherPage YouTube videos](https://www.youtube.com/@MikesWeatherPage/videos)
* [Tropical Tidbits](https://www.tropicaltidbits.com/)
* [Tropical Tidbits YouTube](https://www.youtube.com/@Tropical-Tidbits)

# Resources 🧰:

# Storm Preparations:

* [Preparation suggestions](https://www.scgov.net/government/emergency-services/hurricane-preparedness-6291)
* [Sign up for alerts](https://member.everbridge.net/453003085614894/login)
* [FPRE Network App](https://floridastorms.org/app/)

# Shelters:

* [Shelter List](https://www.scgov.net/government/emergency-services/emergency-management/evacuation-centers)
* [Red Cross Shelters](https://www.redcross.org/get-help/disaster-relief-and-recovery-services/find-an-open-shelter.html)
* [Salvation Army Emergency Assistance](https://www.salvationarmyusa.org/usn/help-disaster-survivors/)

# After the Storm:

* [FEMA Assistance](https://www.fema.gov/assistance/individual)",69,milton,hurricane|storm|weather|fema|noaa|milton,2024-10-07 11:22,community_discussion
1fy6vtj,sarasota,geotrakertakeover,2024-10-07T12:53:26+00:00,13,Flight Out Of SRQ,"So this past week I’ve been visiting my parents and my flight home leaves tomorrow at 2 pm out of SRQ. Now, does anyone have experience flying out of SRQ this close to hurricane landfall? As of now it’s looking like Milton isn’t going to make impact until Wednesday so I feel like I should be fine? My flight status is still on time. 

Additionally, my parents are going to be driving north to get out of direct impact so I could go with them technically if I needed to. ",3,milton,hurricane|milton,2024-10-07 12:53,community_discussion
1fy7aag,sarasota,Boomshtick414,2024-10-07T13:12:44+00:00,4,LIVE: Oct. 7 at 9a.m. - Emergency Operations Center Press Conference with Sarasota County Officials ahead of Hurricane Milton,,6,milton,hurricane|milton,2024-10-07 13:12,community_discussion
1fy95uu,sarasota,8thelastslice,2024-10-07T14:35:56+00:00,7,Hurricane shutter installers?,My folks are in Sarasota and the guy who usually installs their shutters isn't responding.  Does anyone have any recommendations?,3,milton,hurricane,2024-10-07 14:35,community_discussion
1fyajp6,sarasota,sarahnade25,2024-10-07T15:33:32+00:00,6,New To Area - Moving Into My Apartment Post-Milton,"Hi everyone, I wish you all the best of luck with the upcoming storm. I know everyone is preparing and I feel very lucky to not be worrying about the safety of myself or loved ones this time around, but I am very concerned about my upcoming plans to move to the area.

I signed a lease for an apartment with move-in on 11/1. It's just on the cusp of Evacuation Zone E outside of downtown Sarasota. 

I'm nervous about the mass scale of damage and wondering if there are any protections for me as a renter. If the building or unit is in bad condition by the time I'm set to move in, will I still be required to start paying rent? What if there's water damage, no electricity, water etc.

I am coming from out of state and luckily have a place to stay in the worse-case scenario that I cannot move in on 11/1, but I want to know if there's any way to delay my rent/lease start or if I'll have to eat the cost while I'm not even there.

The lease agreement doesn't say anything about this type of situation, so any advice or info from locals is appreciated!!!!",0,milton,storm|milton,2024-10-07 15:33,community_discussion
1fybysb,sarasota,SitdownCupcake,2024-10-07T16:31:27+00:00,27,Stand strong Sarasota residents. We are in this together g,Hurricane is now a Cat 5 everyone who plants on staying. Make sure everything is boarded up and stocked up. May god and the Indian burial tribes be with us,74,milton,hurricane,2024-10-07 16:31,community_discussion
1fycitb,sarasota,Irishfireclaw88,2024-10-07T16:54:40+00:00,4,Question on Mote’s animals,Does anyone know if Mote evacuated their animals? They got damaged from Helene and I hope they evacuated their animals for Milton.,11,milton,milton,2024-10-07 16:54,community_discussion
1fyd4fv,sarasota,Historical_Ad9760,2024-10-07T17:19:01+00:00,2,Car Parking,"Live within reach of potential storm surge and I’m looking to park my car in an elevated location, I’m think maybe the Selby garage or hospital, I’d prefer Selby as it’s closer to where I live but don’t want to be towed, anyone know what the procedure for Selby parking is or if I should relocate to a different garage ",1,milton,storm,2024-10-07 17:19,community_discussion
1fyd8yx,sarasota,DueEarth413,2024-10-07T17:24:16+00:00,1,A simulation of a hurricane directly hitting Tampa. Hurricane Milton is expected to make landfall near the Tampa Bay area.,,1,milton,hurricane|milton,2024-10-07 17:24,community_discussion
1fydsqi,sarasota,linguisticwhiskers,2024-10-07T17:46:57+00:00,4,Storm Shutter s,"Hi all, my grandparents (84 and 86) live in Lakewood Ranch and are unable to put their storm shutters up anymore. My grandfather just had surgery today making it even harder. Is there anyone in the area who would be able to help them? I live in NY and am so worried for them. They had said they had them up and now the story is changing.",5,milton,storm,2024-10-07 17:46,community_discussion
1fye48x,sarasota,BlipsnShitz,2024-10-07T18:00:01+00:00,14,Should I evacuate if I’m in zone D? How long does the power usually go out for? I’m new to the area,,2,milton,power,2024-10-07 18:00,community_discussion
1fyed9r,sarasota,Zealousideal-Deer834,2024-10-07T18:09:59+00:00,1,AIO- my GF left her kids behind,"I have a friend that lives in Sarasota, but decided to go up to Chicago with family to weather out the storm. She has two kids, and according to her, the dad refused to let her take the children with her to Chicago and is also refusing to evacuate.
So, she ended up going alone.
Thing is, as a mom myself, I couldn’t bare the thought of leaving my kids behind during a Cat 5 hurricane. I would be incredibly worried. The thought that she decided to leave without her babies just blows me away. (No pun intended)
Maybe it’s just me, but if my ex refused to let me have my children during such a significant storm, I would be sure to stay local- even if that meant finding a safe place to shelter in the meantime so that way I could be closer to my kids in case anything happened. 
I just find this behavior so incredibly selfish. But maybe I’m just overthinking it?
Would love some insight…",0,milton,hurricane|storm|weather,2024-10-07 18:09,community_discussion
1fyesdx,sarasota,justin_quinnn,2024-10-07T18:27:17+00:00,4,Sign up for text message updates and crucial information on Hurricane Milton,,2,milton,hurricane|milton,2024-10-07 18:27,community_discussion
1fyfyxg,sarasota,No_Bat_3092,2024-10-07T19:15:36+00:00,6,Should we evacuate if we are in non evacuate zone?,"Title.    
  
We are by celery fields in a large apartment complex unit, top floor, 3rd floor.  The unit was built a few years ago so it is up to code with hurricanes (most likely).  Worried though about my car and also roof getting blown off.

Havent been through a direct hit hurricane before, not sure where to evacuate (north, south, east) , or just go to local shelter?  Or stick it out?",2,milton,hurricane,2024-10-07 19:15,community_discussion
1fyg6tj,sarasota,i_heart_kermit,2024-10-07T19:24:41+00:00,2,Current Milton Satellite ,,23,milton,milton,2024-10-07 19:24,community_discussion
1fygizj,sarasota,Smooth-Mulberry571,2024-10-07T19:38:40+00:00,6,What is the Situation with all these Mines? ,"If a phosphate mine in Florida were struck by a Category 5 hurricane, the consequences for both wildlife and human life could be severe. The key risks would come from damage to containment structures, like phosphogypsum stacks, which store waste by-products from phosphate mining.

Impact on Wildlife:

	1.	Water Contamination: A breach in these containment areas could release harmful substances like phosphogypsum and process water, which contain toxic elements such as heavy metals, fluorides, and radioactive materials. This could seep into rivers, lakes, and groundwater, poisoning aquatic ecosystems and the animals that rely on them.
	2.	Destruction of Habitats: Flooding caused by the hurricane could destroy habitats in wetlands, forests, and coastal regions. Sensitive species, particularly in Florida’s diverse ecosystems, could be displaced or face long-term survival challenges due to water and soil contamination.
	3.	Food Chain Disruption: The contamination of water sources could lead to toxins accumulating in the food chain, affecting fish and other aquatic organisms, and in turn, the larger predators that rely on them, such as birds of prey and mammals.

Impact on Human Life:

	1.	Health Risks: Exposure to contaminated water sources could lead to serious health risks for nearby communities. Heavy metals, radioactive elements, and other toxins could cause illnesses like cancer, respiratory problems, and neurological damage if consumed or inhaled over time.
	2.	Water Supply Contamination: The contamination could spread to drinking water supplies, especially in rural areas relying on groundwater. This would require extensive cleanup efforts and could leave communities without safe drinking water for months.
	3.	Economic Damage: The disruption to the local environment could harm industries dependent on clean water and healthy ecosystems, such as tourism and fishing. The cleanup of contaminated areas would also be costly and time-consuming, potentially leaving long-lasting economic challenges for local residents.

Overall, a disaster of this scale would have widespread ecological and public health impacts, potentially lasting years or even decades.",8,milton,hurricane|category,2024-10-07 19:38,community_discussion
1fyh801,sarasota,walleiscute,2024-10-07T20:07:25+00:00,4,How stupid would it be to evacuate TO Lakewood ranch?,We’re in Ellenton in evacuation zone D and my in laws are encouraging us to come there but they flooded with Debbie and aren’t even in a flood zone. we didn’t here. She says the drains were clogged and should be better now. My instinct says that’s a stupid idea. And that we should probably all just go to the other coast if need be. ,8,milton,flood,2024-10-07 20:07,community_discussion
1fyhml4,sarasota,thebutler32,2024-10-07T20:24:11+00:00,0,Hurricane Milton #sarasota,,1,milton,hurricane|milton,2024-10-07 20:24,community_discussion
1fyirst,sarasota,Docto-Phibes-MD-PhD,2024-10-07T21:11:11+00:00,0,NWS upgraded to Hurricane and Storm surge WARNING.,Time to get out if you’re going to. ,4,milton,hurricane|storm,2024-10-07 21:11,community_discussion
1fyitzt,sarasota,myredditusername28,2024-10-07T21:13:50+00:00,28,Storm surge could be up to 10ft in Sarasota county ,How detrimental will this be? ,19,milton,storm,2024-10-07 21:13,community_discussion
1fyjo79,sarasota,Gizmo16868,2024-10-07T21:48:41+00:00,28,"Landfall looks like Tampa Bay, all models shifting north of SRQ","While this means the storm surge is going to be worse for us and we will get the crappier side of the storm, it’s way better than the track that had the damn eye coming in at Longboat and going over University. 

Yes wind is going to still be a factor, but we may miss the absolute worst of the winds thankfully. Praying the track keeps that northern nudge. Of course I don’t wish this on Tampa either. This will be awful regardless. ",28,milton,storm,2024-10-07 21:48,community_discussion
1fyjs75,sarasota,jad4400,2024-10-07T21:53:16+00:00,2,If anyone is evacuating through Tampa/St. Pete to Jacksonville,"The mods over at r/tampa reccomend I post here and a couple other spots.

If anyone is evacuating through Tampa/St Pete to Jacksonville and would be willing to and is safely able to, transport a sick cat, one of the fosters from the [Springfield Kitty Cat Shack Rescue](https://www.sprkittycatshack.org/) here in Jax is trying to get a sick cat that's on the euthanasia list out of there before the storm. If anyone is able to or knows someone who is willing and able to do so, the rescue group would be appreciative. I can DM the contact info for the foster for coordination if anyone is willing/able.

It should go without saying that the safe evacuation of people and their families to the main priority.

The cat is FIP ( Feline infectious peritonitis), positive. The disease is fatal in cats if they have it unless they get the medication for it. The medication itself that can cure it is still relatively new, usually a series of injections over multiple days or oral tablets later on.

Since the medicine is still new, kinda expensive, and potentially time-consuming, and since the disease is fatal, shelter cats who get it tend to not fare well and are euthanized. The local rescue up here has access to the medication and has a foster network willing to look after the cat as it heals. They just need to get it up here, but also don't want to have people from outside of Tampa drive into the city right now considering the evacuation efforts.

  
I understand Sarasota isn't in Tampa/St Pete, but if anyone will happen to be nearby while they are evacuating that would help. ",34,milton,storm,2024-10-07 21:53,community_discussion
1fylc88,sarasota,high_elephant,2024-10-07T23:03:13+00:00,15,Moved here recently. I'm just east of the airport and have no idea how serious this is compared to Helene,So I moved here early September and Helene was my first hurricane. My apartment is on the 3rd story and it wasn't too bad despite strong winds. How different will Milton be to Helene? I'm getting evacuation warnings but I have no method of transportation and enough provisions for a few days. Id much rather stay at home than go to an evacuation center. I'm in zone C btw.,11,milton,hurricane|milton,2024-10-07 23:03,community_discussion
1fylom9,sarasota,Otherwise-Price-5487,2024-10-07T23:19:30+00:00,8,Post storm relief efforts,"Once the storm is over, are there any volunteer groups that help with clean up/distributing aid? My friends and I are young/fit, and we want to help with the immediate aftermath. ",51,milton,storm,2024-10-07 23:19,community_discussion
1fyntv4,sarasota,CurrencyMassive9745,2024-10-08T01:03:31+00:00,3,Will my car be ok? ,"Hey guys if anyway knows the area better than me, I ended up leaving my car at 50 paramount apartments, its on fruitville near the highway and it doesn’t really flood, but im a little nervous about the surge and the lake right by the apartments. Realistically do you think it will be ok or should i get ready to file a claim! ",1,milton,flood,2024-10-08 01:03,community_discussion
1fynxod,sarasota,ImbuesHues,2024-10-08T01:08:46+00:00,11,Best Radio Station for Hurricane Updates? ,Last time we lost power during a hurricane we listened to a radio station for hurricane updates but I can’t remember which one it was. It was definitely a local SRQ station. Any suggestions/ideas?,18,milton,hurricane|power,2024-10-08 01:08,community_discussion
1fyp6vm,sarasota,Easy_Dimension_5243,2024-10-08T02:12:56+00:00,1,Hows cattlemen and bee ridge looking like?,"i live right next to the walmart and home depot, what is the hurricane gonna look like around that area?",2,milton,hurricane,2024-10-08 02:12,community_discussion
1fypp8b,sarasota,LittleRedB2300,2024-10-08T02:39:28+00:00,3,Storm preparedness,"It’s too late to prepare for Milton, but please be prepared for the next one. It’s painful to watch so many move here and do no preparation.",8,milton,storm|milton,2024-10-08 02:39,community_discussion
1fyq1ym,sarasota,tmpkn,2024-10-08T02:58:36+00:00,32,Sarasota locks up its sand deposits for the night,"After a whole day of putting the shutters up, we showed up at Ed Smith around 7:20 to grab a few bags of sand to protect our patio (with my own shovel and bags as per the county obersturmbann's instructions).

I pull up at the gate and within seconds a guard shows up and shouts at me saying THEY ARE CLOSED FOR TODAY. I say cool I just want to load up some sand. THE SAND IS CLOSED TOO. But it's gonna be wet tomorrow and weigh 10x more. TOO BAD IT IS CLOSED AND WE ARE TAKING IT AWAY.

Assuming he must've been on drugs, I went to 7-11 across the street to fill up my tank, and fuck me sideways - he was not joking:

https://preview.redd.it/r4aaq2gc5gtd1.jpg?width=3939&format=pjpg&auto=webp&s=4663f02c34ea25cbe34aa04b9b4eeec2a0be3714

They used heavy equipment to clean up the very last grain of their precious sand. I don't even know what to think of it. One of the wealthiest counties of the wealthiest state in the wealthiest country on the planet literally took away FUCKING SAND the day before a storm. I don't know how much 5 trucks and 2 excavators + 10 staff costs, but I would imagine it might be more than a bunch of FUCKING SAND.

Anyhoo, drove a few miles north across the county line, and lo and behold: FREE SAND. They even had FREE SHOVELS. Not a single county officer on site, no heavy machinery, just a bunch of people helping each other load it up. Mind boggling.

I am really grateful our county has their priorities straight.",33,milton,storm,2024-10-08 02:58,community_discussion
1fyrz5u,sarasota,Beehaver,2024-10-08T04:50:25+00:00,93,Freaking out - mom doesn’t want to evacuate were zone B. ,Could anyone seriously tell me if you would also evacuate? And how to convince my mom because I have a 13 month old daughter and my anxiety is rising. She refuses because she has two dogs and is stubborn as a f*cking mule. She says her house is built to withstand hurricane winds and she just had the roof redone but I don’t care!!! I don’t want to risk dying or drowning.,203,milton,hurricane,2024-10-08 04:50,community_discussion
1fysklb,sarasota,dizzy3087,2024-10-08T05:29:35+00:00,70,Lots of stuff online screaming “just leave” but is that necessary if you’re not in a flood area?,"Ive been here in bradenton/srq since 1997 and seen lots of storms roll through. This one is next level. But realistically, we are staying with my mom in her concrete block condo (with concrete ceilings) in a flood X area. Shes got brand new hurricane windows and doors. We have water, a generator, gasonline, food for a week or so. Are we crazy to stay put? Like I get it, it’s going to be scary af, but I feel its not realistic to have everyone evacuate - leave the roads, hotels, and shelters for folks who really need it. Am I wrong here?",52,milton,hurricane|flood,2024-10-08 05:29,community_discussion
1fyt36k,sarasota,Extension-Piglet-625,2024-10-08T06:06:07+00:00,2,In zone D should I evacuate?,"So I’m in zone D and I was wondering if I should evacuate. This seems like a pretty big storm and im a bit worried. Worst part is im just a teen, and my mom think the storm is just an ordinary storm. We don’t have barricades up and we got supplies that could last 5 - 7 days (previous grocery). Man I don’t even know, anything bout the storm would be great I just hope shit doesn’t hit the fan",2,milton,storm,2024-10-08 06:06,community_discussion
1fytgi2,sarasota,Cheers-lol,2024-10-08T06:33:12+00:00,11,Zone C,"Hi all, I hope you’re all doing as best as you can after Helene and taking measures to stay safe in preparation for Milton. I’m out of state but writing as a concerned granddaughter with stubborn grandparents in evac zone C who refuse to leave. Their house has been unscathed the last few years so they think they’ll be fine but from what everyone is saying about this one I’m getting increasingly worried. If I can’t convince them to leave on our phone call tomorrow, how much damage is typically expected in Zone C? I’m originally from Jersey so I experienced Sandy growing up but haven’t experienced Florida-level hurricanes so I don’t really know and I’m just scared. Once again stay safe everyone thank you ",3,milton,milton,2024-10-08 06:33,community_discussion
1fytqpu,sarasota,Throwaway658473,2024-10-08T06:55:11+00:00,5,How concerned should I be? ,"I live in the Gulf Gate, roughly 3 miles away from shore, 15ft above sea level, directly at the start of zone D, house next to me is in zone C. I'd very much like to stay and my mom does not want to go, is it worth sticking around based on how's the storm currently looks? ",1,milton,storm,2024-10-08 06:55,community_discussion
1fyu677,sarasota,Broken_Heartless,2024-10-08T07:27:37+00:00,11,I'm very concerned and I need some help,"Update: I was able to get to a shelter. Me and my family are safe here now. Thank you to all for helping and replying. Stay safe out there!


So my situation is it's just me, my husband and out cat. We're in zone b and I know where in an evacuation zone. We also have Booker High School right behind us which I know is a shelter but they open at 10am (from what I saw on the county gov site)

I've been nervous of this storm. My husband wants to stay but the water is my concern. We're in a home not manufactured also we don't have any transportation. I don't know what to do and where we can be safe from water. We don't have family or friends it's just us 3. I just want us to be safe and I just need help on what we can do. 

",9,milton,storm,2024-10-08 07:27,community_discussion
1fyw1p7,sarasota,Bah_Bah_Blacksheep85,2024-10-08T09:53:47+00:00,191,Storm Etiquette is needed. Bad.  ,"Fellow Floridians, we are not new to hurricanes and or tropical storms. The way people react when there’s a storm coming is atrocious. No courtesy for anybody. They run out and grab all the gas like they can go somewhere. And I get the generator situation but ppl are acting like this is 100 year storm or something. Ppl clear the grocery stores in excess. I saw a lady buying four super rolls of toilet paper like you’re gonna take that much shit in a day. The nasty attitudes I witnessed while being out today made me think. We need agreed upon storm etiquette. Ppl need to be more considerate of other people that are literally going through the same thing you are we’re all gonna be hit by a storm. Don’t buy in excess would be my first suggestion. Leave some products for someone else. Have some civility and respect. Please people feel free to add some suggestions. ",313,milton,storm,2024-10-08 09:53,community_discussion
1fyy4f8,sarasota,Advanced-,2024-10-08T12:04:56+00:00,1,Best place to park car?,"Is there any way to try and predict the best place to park my car? Or is it just a crap shoot of where a flood will happen and where debree will end up flying...

I live near the UTC Mall area, so I feel relatively safe in it being a modern area with proper drainage and being far enough inland from any surges. So all that's left is to try and account any trees/debrees/wind damage.

Wonder if there is a fairly good public parking spot (Maybe park at the empty UTC mall or anywhere that is just a parking lot with nothing else around?) or just risk it and park in my apt complex area (We have trees and fences so I am worried about it)",3,milton,flood,2024-10-08 12:04,community_discussion
1fyy582,sarasota,FalseMagpie,2024-10-08T12:06:04+00:00,15,Another out-of-stater worried about family,"My parents live in a trailer in Brandenton and for the week they're staying with some friends in Sarasota (brick & concrete house, single story, new roof).  I don't want to post the exact address but the evac zone map I found doesn't cover the area they're in - they're close to where Tuttle Ave and Whitfield Ave intersection.  Naturally I'm going to do my best to keep in touch with them, but I'm 1300 miles away and not even remotely familiar enough with the area to have a good sense of how worried is reasonable, and the internet makes it way too easy to stress yourself into a stroke with this sort of thing. 

Anyone know how that area tends to fare in storms, or has an evac map that goes that far north?",7,milton,,2024-10-08 12:06,community_discussion
1fz2eo2,sarasota,Legomybonsai,2024-10-08T15:22:26+00:00,2,Tamaron Neighborhood /Milton ,We are staying and hunkered down for the storm.. if anyone in this area has property or people that need to be checked after the storm send me a msg and I’ll report back as much as I can.. ,17,milton,storm|milton,2024-10-08 15:22,community_discussion
1fz2lcm,sarasota,crepestallyn,2024-10-08T15:30:18+00:00,1,Local disaster relief charities & non-profits?,Where can funds be donated that will help with Helene & Milton recovery?  Looking for local Sarasota-Bradenton 501(c)(3) organizations.  ,2,milton,milton,2024-10-08 15:30,community_discussion
1fz3fub,sarasota,Beneficial_Fig_1500,2024-10-08T16:05:13+00:00,2,Parking At Lakewood Ranch Hospital?,"My sister is in Zone C in Lakewood Ranch due to being on the Braden River. Forutnately she is in a 3 story condo that has faired well except for the fact its at basically sea level. 

Our concern is her car getting flooded and her not being able to get around after the storm, so she is thinking of parking at LWR hospital, which is completely out of any flood plains/evacuation routes.

Is this okay to do? Will there be any reprimands like possible towing, will we be taking a spot from someone who might have an emergency? ",3,milton,storm|flood,2024-10-08 16:05,community_discussion
1fz3vba,sarasota,i_heart_kermit,2024-10-08T16:22:54+00:00,17,People who put up storm shutters but don't remove their outdoor furniture and plants- why?,It's like you're saying... you don't care if your shit hits your neighbors' houses as long as yours is protected.,42,milton,storm,2024-10-08 16:22,community_discussion
1fz42ah,sarasota,CryptoKing-NY,2024-10-08T16:31:07+00:00,0,Hurricane 🌀 Milton,[removed],1,milton,hurricane|milton,2024-10-08 16:31,community_discussion
1fz4tsj,sarasota,ResponsibleWave9200,2024-10-08T17:02:41+00:00,11,"""We're staying put in Gran Paradiso.""","I'm worried about my sister who resides in Zone B at the Gran Paradiso. They decided to stay and lots of neighbors are also staying. I'm concerned about the storm surge.

Thoughts?

Thank you.",0,milton,storm,2024-10-08 17:02,community_discussion
1fz5j1e,sarasota,soupysyrup,2024-10-08T17:31:50+00:00,142,Family in Zone A won’t evacuate,"I have three family members in an area marked as Zone A. They refuse to leave. They think the flood zones ""don't make sense"" (???), they do not have shutters, and their evac plan is to go to another family member's home 5 minutes away if things are really bad. Or use their boat. I am in Gainesville and don't have space to offer them but there are shelters here opening up for those evacuating. I'm sure it's too late to drive up from sarasota now though. I have no idea what to feel or what to do. Should I be worrying about them like... dying?",102,milton,flood,2024-10-08 17:31,community_discussion
1fz6cns,sarasota,i_heart_kermit,2024-10-08T18:05:40+00:00,1,Current Milton satellite ,,2,milton,milton,2024-10-08 18:05,community_discussion
1fz6ov4,sarasota,Ilovecatsanddogs24,2024-10-08T18:19:57+00:00,1,FYI: 20 foot storm surge means it's truly over,,1,milton,storm,2024-10-08 18:19,community_discussion
1fz7kyc,sarasota,bshrode,2024-10-08T18:57:36+00:00,14,"Hurricane PSA - If you have an iPhone 14 or newer, and upgraded to iOS 18, you can send text messages via satellite *even when there is no cell service* by following these instructions","I haven't seen anybody mention this anywhere but wanted to share because it might end up really helping someone. This is a new feature in iOS 18 and requires an iPhone 14 or newer. You just need to have a clear view of the sky, and you can send and receive texts via satellite. The cell towers usually have a finite amount of gas in the tank for their generators and once it's gone so is the cell service. So, if you have a compatible phone, make sure you've also upgraded to iOS 18 before the storm is here.

[https://support.apple.com/en-us/120930](https://support.apple.com/en-us/120930)",121,milton,hurricane|storm,2024-10-08 18:57,community_discussion
1fz7ogn,sarasota,Aggressive_Regret92,2024-10-08T19:01:24+00:00,9,How fucked is Bee Ridge?,I have family who lives in that area and they're planning on staying home for Milton 😕,1,milton,milton,2024-10-08 19:01,community_discussion
1fz85rl,sarasota,WanderEver,2024-10-08T19:21:27+00:00,3,A Shout Out to Good Humanity & a Great Town ,"Seeing all of the hurricane posts here about people being nasty, I wanted to make a counterpost. I have watched SO MANY acts of amazing kindness. 

To me personally, I've had numerous people (some I barely know) reach out and offer to let me stay at their homes/businesses on high ground/block structures. 

I went to Publix today and everyone was as nice and kind as could be. I saw no hoarding. Lots of water, well-stocked shelves. 

And my heart goes out to the people collecting our debris to the best of their ability. You know so many of those folks likely have their own homes and families around here they could be taking care of. Yet they're out 24/7 trying their damndest to get as much as they can. (And some of them are contractors who are putting themselves in danger who don't live here at all, but still trying to help protect our communities).

The electric people, the linemen. The first responders. The people living at the hospitals to take care of patients. The number of people doing their absolute best to get us all through this is insanely humbling.  

I've watched so many friends go out of their way for each other, offering help getting shutters up, boats figured out and trailered away, and the list goes on. 

There are some really great people around here. ",75,milton,hurricane,2024-10-08 19:21,community_discussion
1fz8u36,sarasota,beachbabe77,2024-10-08T19:50:11+00:00,66,Hunkering Down On Manasota Key,"Like many of you, I'll be riding out the storm at home. (not many places take 3 cats) Fortunately, I'm in a newer, mid-rise condominium which, while directly beachfront, is built like a bunker. Am wishing/hoping all of us get through this unscathed and am sending my best to all. Good luck and take care.",0,milton,storm,2024-10-08 19:50,community_discussion
1fz95r7,sarasota,buttrmuffn,2024-10-08T20:03:46+00:00,29,Ready for Hurricane Milton,,420,milton,hurricane|milton,2024-10-08 20:03,community_discussion
1fz9gx2,sarasota,kykloso,2024-10-08T20:16:56+00:00,9,Is the Milton wind less of a concern than the storm surge?,Im not in a flood zone and pretty far inland. Got shutters and everything so I don’t think I should expect any flooding but I saw a graphic going around Reddit showing a category 3-5 blowing a house away so I’m nervous about the wind. ,11,milton,storm|flood|category|milton,2024-10-08 20:16,community_discussion
1fz9rdz,sarasota,gamegod123,2024-10-08T20:29:27+00:00,46,How fucked is Longboat Key and Anna Maria area,I know it’s already somewhat destroyed by Helene but how is it looking with Milton? I have a place out in Longboat. In Chicago right now.,26,milton,milton,2024-10-08 20:29,community_discussion
1fzb8hq,sarasota,Repulsive-Shallot-79,2024-10-08T21:32:38+00:00,0,Clean Up... dont hate me.,"I got to visit your beautiful city a few years ago (I was one of the assholes with the green papers trying to change gambling laws, hated that job.. ) But i fell in love with the place really, and keeping in the theme of looking like an asshole... yall know who i should link up with for clean up?.. might be a few weeks till i get there. Irma was scary (my only hurricane).. out of electicity a few days.. 3 blocks away they were out for weeks... national guard driving around guarding the Publix. Hope yall stay as safe as possible.. and like i said if your a contractor or know whom i should get ahold of...probably just go to HireQuest Yeah? Keep your head up.",0,milton,hurricane,2024-10-08 21:32,community_discussion
1fzbcbj,sarasota,Pontiacman02,2024-10-08T21:37:09+00:00,8,Weather anchors,"I love how all the weather anchors on the news look so happy when it's not going to hit Tampa.
",21,milton,weather,2024-10-08 21:37,community_discussion
1fzbnnd,sarasota,jet198777,2024-10-08T21:51:01+00:00,11,Stay or go?,Live downtown next to aloft hotels on the 7th floor. Can go to a friends In Lakewood ranch but not sure if that would be safer. Any help? Both apartments mine is just in zone a. But everyone else hear is staying. Well built building connected to hospital power grid ,0,milton,power,2024-10-08 21:51,community_discussion
1fzbunw,sarasota,bongsmasher,2024-10-08T21:59:56+00:00,3,Discord ? ,"Not sure if there is one, but i figured I’d make one if there isn’t for all my Sarasota people to stay in touch regarding the storm. Discord link https://discord.gg/gBXEhjk7- let me know if there is one already made ! I see Tampa has one but it’s mostly Tampa / pinellas peeps ",12,milton,storm,2024-10-08 21:59,community_discussion
1fzcons,sarasota,dizzy3087,2024-10-08T22:37:44+00:00,100,"Hurricane Ian - what 15 foot storm surge looks like (credit to Max Olson Chasing) - If you’re in evac zones A, B, or C… please evac asap.",,302,milton,hurricane|storm,2024-10-08 22:37,community_discussion
1fzd4uf,sarasota,Disastrous_Sound_376,2024-10-08T22:58:26+00:00,11,What are we dealing with here? (Hurricane Milton) ,"Hey folks.

First and foremost, I hope all of you have either successfully evacuated, or are in a safe enough space. I am praying for each and every one of the Florida residents to get through this in one piece. 

I do not live in Sarasota. I know you have probably seen countless of these posts, but I’m posting on behalf of my partner who is terrified for his parents and his grandmother. 

They live in a Zone C area that is enveloped by Zone B. Their flood elevation area is Zone AE, which shows high risk.
They live in a house in a new development that was built in 2023 and it is a single floor house. There are no trees around, but there is a pond directly behind them. 

I’m not 100% sure about this one, but I THINK the windows and sliders are storm rated impact glass. I say this because the other homes listed in this community have that, so I assume it’s the same. 

They have sandbags, a generator, food etc, 

They didn’t evacuate because of the grandmother and they also have a dog, and they ultimately decided that it’s safer if they stay put. Now it’s obviously too late for them to evacuate, as I’m sure the risk is way higher if they started to drive at this time, with all the traffic.

I’m from NYC, so I really don’t know how hurricanes work. Since their house is so new, can that stop the water from coming in? 

Thank you so much. Stay safe! ",0,milton,hurricane|storm|flood|milton,2024-10-08 22:58,community_discussion
1fzd5dx,sarasota,peytonel,2024-10-08T22:59:08+00:00,50,If you're not evacuating and live in a one story......,DO NOT retreat to the attic during the storm surge. You will die.,84,milton,storm,2024-10-08 22:59,community_discussion
1fzelge,sarasota,scoopdeewooppoop,2024-10-09T00:09:10+00:00,6,Should i evacuate? ,"I live in evacuation zone C, 2nd floor of a 5yr old apartment complex, about 2.4 miles inland. If i am to evacuate i will go to my moms in Lakewood Ranch at 5am tomorrow morning. But the property manager is staying and says the building is “hurricane resistant”.",3,milton,hurricane,2024-10-09 00:09,community_discussion
1fzewxn,sarasota,TheBigBeef97,2024-10-09T00:25:10+00:00,21,Should I evacuate if I'm in Zone D?,"Our house was fine during the last several hurricanes. But with this one potentially being a direct hit, I'm not quite sure what to think, being in Zone D.

Any opinions would be greatly appreciated. ",7,milton,,2024-10-09 00:25,community_discussion
1fzf4nm,sarasota,Harrison_Sherman,2024-10-09T00:36:00+00:00,1,This is a storm made by Biden,[removed],1,milton,storm,2024-10-09 00:36,community_discussion
1fzfki2,sarasota,Comfortable_Ad7922,2024-10-09T00:58:20+00:00,59,Can we all just take a deep breath?,"You are now in your safe space. Yes there’s a storm coming but you have prepared everything. Stop second guessing yourself! The news will repeat itself and scare you. Can you take a deep breath and put on a funny movie? Read a book? Or enjoy a meal while you have power cuz let’s be real, It might go out! We’ve done everything we can … let’s just chill out - the noise starts tomorrow! ",97,milton,storm|power,2024-10-09 00:58,community_discussion
1fzfkij,sarasota,Ok_Gur_9947,2024-10-09T00:58:21+00:00,0,Storm currently projected to potentially go directly over Sarasota,,1,milton,storm,2024-10-09 00:58,community_discussion
1fzg0t1,sarasota,emr2295,2024-10-09T01:21:32+00:00,22,I’m in zone D in Palmer ranch.. will I be okay? ,"I'm on the second floor right of an apartment building ,it's concrete and was built in 2019. I'm in zone D will I be okay? 😫I also heard if the electrical is in the ground I won't lose powder and idk how to tell if I have that or not ? I'm just filled with anxiety rn I've been in hurricanes before but this one just feel different. ",15,milton,,2024-10-09 01:21,community_discussion
1fzgfrk,sarasota,Buttpounder90,2024-10-09T01:43:06+00:00,13,"For anyone still trying to evacuate, go to Miami/FTL.","I did the drive from Apollo Beach to Broward today and it was just a normal, if not slightly busy, drive. 3.5 hours with only some slowdowns at the alligator alley turn in Naples. 

At the worst southward turn Milton could take, South Florida will get heavy rain and significant gusts. Nothing the hotels aren’t built for.",58,milton,milton,2024-10-09 01:43,community_discussion
1fzgze1,sarasota,i_heart_kermit,2024-10-09T02:12:10+00:00,2,Me too Milton,,6,milton,milton,2024-10-09 02:12,community_discussion
1fzida6,sarasota,No_Warning8534,2024-10-09T03:28:35+00:00,5,"Uber to shelter in Florida, code: MILTONRELIEF (PLEASE SHARE)!",,61,milton,,2024-10-09 03:28,community_discussion
1fzkv38,sarasota,Mixolytian,2024-10-09T06:10:09+00:00,2,Flooding at Osprey and Laurel?,"Does anyone know the elevation in the Laurel Park neighborhood? 




",1,milton,,2024-10-09 06:10,community_discussion
1fzkx84,sarasota,LackHistorical5554,2024-10-09T06:14:29+00:00,7,Parents in Evacuation B zone in Charlotte County and will not leave. How do I increase their chances of survival inside the house.,"Basically what was said in the title. I've tried sending them the mayor's ""you will die"" video, showing them weather forecasts, telling them to write their identification on their body with sharpies, crying and begging ect. They will not leave.

Given the chances that they will leave is basically 0 now, how can they increase their chances of survival in an Evacuation level B zone? They live in a one-story house with 3 bedrooms and have boarded all the windows.


Update: The hurricane passed through their area with minimal damage. Now they just have to get through the ensuing flood and everything should be OK🙏. Thanks again for everyone's advice❤️.
",0,milton,hurricane|flood|weather,2024-10-09 06:14,community_discussion
1fzl40j,sarasota,Zealousideal-Low455,2024-10-09T06:28:40+00:00,27,Crippled by anxiety worrying for my family in Florida ,"My grandpa is 90 and has numerous health issues.. he is in a mandatory evacuation zone and staying.

My in laws are in Zone D but right by a lake and creek… also not evacuating

My mom is not in a listed zone but is in a mobile home… also not evacuating.

I know some people must think I’m terribly over dramatic but I’m scared that I’m going to be the only one left. I grew up in Florida and spent most of my life in Bradenton/Sarasota. Never evacuated for any hurricanes. Left in 2022 after hurricanes became an annual thing instead of a couple times of a decade. Felt like the writing was on the wall. Not to mention local officials keep destroying that natural habitat and are doing nothing to prevent the storms from getting worse.

I’m in Arizona. I’ve been trying to stress to my family members how ominous this storm feels to me. This one just feels different. Meterologists are literally crying on the air, the storm is reaching mathematical limits of what we thought was possible,.. the storm was supposed to downgrade but then it went right back up to Cat 5. My chest literally hurts with anxiety. I couldn’t sleep last night and woke up to the storm changing direction to Sarasota.

This just sucks. ",14,milton,storm,2024-10-09 06:28,community_discussion
1fzpgq8,sarasota,entropy_86,2024-10-09T11:47:03+00:00,11,Will the storm surge bring in great white sharks?,I am concerned about sharks being brought in from the surge. Any insight on this?,0,milton,storm,2024-10-09 11:47,community_discussion
1fzq1e3,sarasota,Nogginsmom,2024-10-09T12:19:13+00:00,8,Not too early to discuss - Mold,"After the storm, if you have surge/flood waters in your home, what’s the best way to tackle mold? We keep reading conflicting reports.  I see detergent, which kind? I see no to just bleach.  We know the water will contain sewage because of all the septic systems, so we are prepared physically to clean, just unsure of the right way.  We all can’t get Servepro or ServiceMasters in right away. ",1,milton,storm|flood,2024-10-09 12:19,community_discussion
1fzq78f,sarasota,Lioncord,2024-10-09T12:28:07+00:00,12,i need some clarity. ,"i’m 15 and my parents refuse to evacuate. we’re in zone D, but i’m still terrified of flooding. we live on the first floor of a condo, and i can already imagine the danger. can anyone give me some clarity in this situation? i’m scared. ",29,milton,,2024-10-09 12:28,community_discussion
1fzq9ul,sarasota,whathuhh23,2024-10-09T12:32:00+00:00,0,Cape Coral Live Stream Hurricane Milton ,,4,milton,hurricane|milton,2024-10-09 12:32,community_discussion
1fzqx8c,sarasota,Boomshtick414,2024-10-09T13:05:02+00:00,5,Sarasota Discord group for staying connected as Milton ramps up,,16,milton,milton,2024-10-09 13:05,community_discussion
1fzs2cc,sarasota,Boxofmagnets,2024-10-09T13:59:08+00:00,86,Florida Jail in Hurricane Milton Danger Zone Won't Evacuate Inmates,"1100 inmates, the building has a second floor but that might not be enough to save them. And if drowning detainees before trial isn’t enough to outrage , they also have similar disregard for the employees. The hate in the souls of these people is boundless ",24,milton,hurricane|milton,2024-10-09 13:59,community_discussion
1fztdvp,sarasota,MiamiPower,2024-10-09T14:57:21+00:00,1,"No power or cell service? Life-saving satellite tech available on your iPhone, Android",,17,milton,power,2024-10-09 14:57,community_discussion
1fzto9a,sarasota,CreepBreadd,2024-10-09T15:09:11+00:00,12,"Good luck, Sarasota.","Hello Sarasota. I live in North Fort Myers in zone D, so as of now, I should be alright, assuming nothing changes from now until landfall.

Like I've seen before, this storm is very much like hurricane Ian. The storm surge is going to be insane, especially in zone A and B areas. When I tell you Fort Myers Beach was gone, I mean it was GONE, and it didn't even get the direct impact either. I know you guys were heavily impacted by Ian as well, but I can assure you this one will hurt you worse, again, assuming it lands in Sarasota/St. Petersburg.

This is one of those scary storms, so I hope you all get out of it relatively unscaved. I love you all!",46,milton,hurricane|storm,2024-10-09 15:09,community_discussion
1fzutve,sarasota,Fivethreesixthree,2024-10-09T15:58:05+00:00,8,Grandparents won’t leave,"My grandparents are in their 70s and live in Sarasota, zone C. They dug in their feet to stay days ago and will not budge. The evacuation center than was closest to them is now closed. 

I have never lived in Florida/near the ocean. I’m very worried, but they keep telling me they’ll be fine because the house has storm windows and they’re 9 miles in land. Please, can someone who is a local tell me if I’m overreacting? It doesn’t seem like there’s anything I can say to convince them, but that’s not doing anything to help me come to terms with their decision. ",0,milton,storm,2024-10-09 15:58,community_discussion
1fzvqrm,sarasota,boracay302,2024-10-09T16:36:01+00:00,16,Police rescued a dog tied to a fence and left abandoned for Hurricane ,https://x.com/nicksortor/status/1844049229553250392?s=46,102,milton,hurricane,2024-10-09 16:36,community_discussion
1fzvwww,sarasota,sinkholder,2024-10-09T16:43:15+00:00,4,"brother in sarasota, not answering","I am freaking out. My brother was moved to Sarasota before it was in the direct path, and now it is. They moved to a house I believe and i’m not sure if it’s 1-2 stories but i’m reading that they WILL die if they stay. He’s not answering, neither is his partner. I’m trying to send him resources but i’m not sure what he knows what he doesn’t where he is exactly. I dont know what to do. I believe they’re a little north of the center of the predicted storm path, but do they have a chance? Will they die? I dont know what zone they are, and i’m not sure why he’s responding is power down? Maybe he can’t charge his phone? 
EDIT: okay he’s in between sarasota and braden town a little east of the coast maybe 10-13 miles ",0,milton,storm|power,2024-10-09 16:43,community_discussion
1fzxb9q,sarasota,BrightNeonGirl,2024-10-09T17:41:14+00:00,16,Holy Smokes Tornadoes in Central and very SW FL,"The amount of tornadoes this storm has spawned is crazy. So many in Central FL and the very SWFL Ft Myers/Cape Coral/Babcock Ranch area.

Anyone have any insights on what to do or what to do practically for a tornado? I know get to an interior room on the ground floor. But any other tips? We have helmets and pillows and puffy comforter to shield us. (Mattress won't fit in our interior room)

(Do we in Sarasota have a much lower risk of tornadoes? Doesn't matter... just curious... since I want to know best tips)",44,milton,storm,2024-10-09 17:41,community_discussion
1fzxgjh,sarasota,dawnzig,2024-10-09T17:47:23+00:00,1,Some Milton Levity,"Fitting that SRQ is the target for an old-man-named storm /s

Buckle up and be safe out there, y'all!",1,milton,storm|milton,2024-10-09 17:47,community_discussion
1fzxrot,sarasota,zagmario,2024-10-09T18:00:16+00:00,12,How much if Sarasota will be without power tomorrow ,Didn’t know if anyone has insight ,7,milton,power,2024-10-09 18:00,community_discussion
1fzy1uk,sarasota,No_Basis795,2024-10-09T18:11:50+00:00,2,Work forcing friend to use PTO hours for Milton,"Hello everyone, 
My friend is being told she needs to use PTO hours if she needs days off from work starting Thursday/Friday. What if the roads are still flooded or simply unavailable? Is this legal? Can she retaliate in some way? 
She lives near Ed Smith Stadium and she works in Lakewood Ranch
ANY info is extremely appreciated.
Please stay safe & evacuate!!

Thank you in advance ",14,milton,milton,2024-10-09 18:11,community_discussion
1fzyo1b,sarasota,Lonely_Version_8135,2024-10-09T18:37:54+00:00,159,Hurricane aid,,828,milton,hurricane,2024-10-09 18:37,community_discussion
1fzyqea,sarasota,boopboopdupedupe,2024-10-09T18:40:42+00:00,9,Any live cameras not on the beach?,"Can anyone link live cameras for north area of Sarasota? My mom evacuated from that area and I'm hoping to keep an eye on Milton's effects. 

",13,milton,milton,2024-10-09 18:40,community_discussion
1fzys6j,sarasota,i_heart_kermit,2024-10-09T18:42:47+00:00,12,Milton is disintegrating,,0,milton,milton,2024-10-09 18:42,community_discussion
1fzz6li,sarasota,i_heart_kermit,2024-10-09T19:00:04+00:00,10,Didn't mean to make you mad here's the satellite but it's definitely showing that shear. Storm surge still ridiculous. ,,0,milton,storm,2024-10-09 19:00,community_discussion
1fzzvyh,sarasota,1wife2dogs0kids,2024-10-09T19:29:15+00:00,1,"My house is in nokomis, between laurel and Colonia.","  As stated,  I'm east of 41 by 1/4 mile.   Over by the cemetery on Colonia.  My wife's family evac'd to ft Lauderdale,  wife's included.    I was going to ""hunker down"" but I remembered how much it sucks to ride out a bad storm.     

  If anyone here is in my area,  could you give me some updates about any flooding or wind damage?   I'd appreciate it greatly.  ",5,milton,storm,2024-10-09 19:29,community_discussion
1g001pc,sarasota,Funny_Obligation_259,2024-10-09T19:36:08+00:00,5,Cameras active during the storm to view,"Hi,

My in laws live on Bird Key and I was hoping to find some cameras in the downtown, St Armands area to watch. There house is about 8-9 feet above sea level so we have our fingers crossed that their house may be able to survive. 

Please let me know if anyone knows of any active cameras that are publically available to watch. 

Thanks,

Tomos",11,milton,storm,2024-10-09 19:36,community_discussion
1g00szu,sarasota,Fabulous-Oil2564,2024-10-09T20:08:13+00:00,50,Anyone notice we’re getting no coverage?,Even though this hurricane is pointing right at us they’re still mainly doing coverage on Tampa bay. I need updates on Sarasota and I can’t find any unless I take a second to really look. This is getting nerve wracking guys,52,milton,hurricane,2024-10-09 20:08,community_discussion
1g033p2,sarasota,enchanted_honey,2024-10-09T21:47:04+00:00,24,"Check out Ryan Hall, Y’all for live coverage ","An absolutely incredible team on YouTube. They will be live doing a live stream through the storm. They have lots of live cams and people on the ground in the area. 

Stay safe 🌀 ",169,milton,storm,2024-10-09 21:47,community_discussion
1g04nuq,sarasota,GFEbagel,2024-10-09T22:58:29+00:00,4,Best live stream link I’ve found to have most up to date info on the hurricane ,,2,milton,hurricane,2024-10-09 22:58,community_discussion
1g04z9h,sarasota,tacotatoish,2024-10-09T23:13:03+00:00,6,Witnessed a roof take out a power line in kp,,10,milton,power,2024-10-09 23:13,community_discussion
1g05whe,sarasota,bright_bouncing_ball,2024-10-09T23:58:07+00:00,5,I’m sitting in the laundry room during Melton 8:00pm with my cats ,"I feel the house shake and have my AirPods in so I can’t hear anything the house is next to the bay and canal in the back  

*Milton ",32,milton,milton,2024-10-09 23:58,community_discussion
1g05wqf,sarasota,likeastump,2024-10-09T23:58:30+00:00,2,"When is the water supposed to arrive? How’s the weather where you are?? Good luck, Srq!",,1,milton,weather,2024-10-09 23:58,community_discussion
