id,subreddit,author,created_utc,num_comments,title,selftext,score,hurricane,keyword_hit
1fz6k4f,pics,whitehouse,2024-10-08T18:14:18+00:00,905,President Biden holds a briefing on Hurricane Milton preparation and Hurricane Helene response.,,26642,milton,milton
1fzv4nw,florida,whitehouse,2024-10-09T16:10:30+00:00,304,Quick Update on the Biden-Harris Administration’s Response to Hurricane Milton.,"President Biden has directed his Administration to do everything possible to prepare for Hurricane Milton:

* President Biden granted emergency declarations to the State of Florida and the Seminole Tribe of Florida to help cover costs for life-safety and life-sustaining actions ahead of the storm
* FEMA surged search and rescue teams, water, food, power generators, and ambulances to the region
* FEMA is prepared to coordinate a full-fledged federal response
* Administrator Deanne Criswell will be in Florida to oversee the response

Evacuation orders are in effect in multiple counties. If you are in evacuation zones and have not left the area yet, you should do so immediately for your safety. Emergency shelters are open and transportation assistance is available. If you can’t evacuate, or need a safe place to go, text SHELTER & your zip code to 4-3-3-6-2 to get a list of open shelters near you.

We will be there with you as you weather this new storm.

**Update 1 – October 10, 2024**

* President Biden and Vice President Harris have been in constant contact with State and local officials
* President Biden has directed:
   * Defense Secretary Austin to provide a range of military capabilities to Florida
   * FEMA to open disaster recovery centers across the impacted communities right away
   * Federal agencies to mobilize resources, including the Department of Housing and Urban Development’s mortgage relief for impacted homeowners

* The U.S. Coast Guard and U.S. Army Corps of Engineers are assessing how fast they can reopen the Port of Tampa to get fuel, food, water, and other basic goods flowing into the area again
* The Federal Aviation Administration has authorized Florida Power and Light to fly large drones to quickly assess damage so ground crews can restore power more quickly
* More than 50,000 powerline workers have come from around the U.S. and Canada to restore power
* FEMA Administrator Deanne Criswell has been on the ground since last night and will continue to work with State and local partners to determine any unmet needs
* More than 1,000 federal personnel are on the ground

We know from previous hurricanes that it’s often the case that more lives are lost in the days following the storm than the actual storm itself. We strongly encourage everyone impacted by this storm to stay inside and off the roads – as downed power lines, debris, and road washouts are creating dangerous conditions. Please continue to shelter in place until local leaders give an all-clear.

We will continue to do everything in our power to help you recover and rebuild.

 ",3916,milton,milton
1g0oels,pics,whitehouse,2024-10-10T17:36:53+00:00,240,President Biden Receives a Briefing in the Situation Room on Hurricanes Milton and Helene.,,6105,milton,milton
1g236sq,florida,whitehouse,2024-10-12T15:55:47+00:00,40,Update on the Biden-Harris Administration’s Response to Hurricane Milton.,"On Friday night, President Biden immediately approved Florida Governor Ron DeSantis’s request for a Major Disaster Declaration for Florida. People in 34 counties in Florida, in addition to the Miccosukee Tribe of Indians of Florida, can now apply for FEMA assistance – including immediate aid to help with urgent needs like food, water and baby formula, as well as longer term needs like home repairs and rental assistance. If you are in a county eligible for both Helene and Milton disaster assistance, you need to submit separate applications for each disaster. You can apply by:

* Visiting [DisasterAssistance.gov](http://DisasterAssistance.gov)
* Calling 1-800-621-3362
* Using the FEMA App

Tomorrow, President Biden will travel to Florida to visit areas impacted by Hurricane Milton, meet with first responders and personnel on the ground, and hear firsthand from the community members as response and recovery continues.

We continue to urge people impacted by Hurricane Milton to stay safe. Pay attention to local officials, do not touch downed powerlines, be safe during an outage, and use generators safely. We will be with you for as long as it takes.

  
[President Joseph R. Biden, Jr. Approves Florida Disaster Declaration | The White House](https://www.whitehouse.gov/briefing-room/presidential-actions/2024/10/12/president-joseph-r-biden-jr-approves-florida-disaster-declaration-8/)

https://preview.redd.it/1br7rywvkcud1.png?width=2160&format=png&auto=webp&s=2ba5a445125d43aed0b47e9b2325fa39b8929b89",296,milton,milton
1g4c76f,pics,whitehouse,2024-10-15T16:43:31+00:00,286,President Biden in Florida this weekend surveying Hurricane Milton damage.,,6834,milton,milton
