id,link_id,parent_id,subreddit,author,created_utc,score,body,hurricane,keyword_hit
lr3zbrs,t3_1fzv4nw,t3_1fzv4nw,florida,AutoModerator,2024-10-09T16:10:34+00:00,1,"
Your [submission](https://www.reddit.com/r/florida/comments/1fzv4nw/quick_update_on_the_bidenharris_administrations/) has been removed from r/Florida. 

**Only active members of the subreddit may post news or political posts.** 

[Please see our posting guidelines for more information.](https://www.reddit.com/r/florida/wiki/index/political_guidelines/)


*I am a bot, and this action was performed automatically. Please [contact the moderators of this subreddit](/message/compose/?to=/r/florida) if you have any questions or concerns.*",milton,milton
lr41c6w,t3_1fzv4nw,t3_1fzv4nw,florida,yargbarkley,2024-10-09T16:21:23+00:00,7,Florida is the only group to remove this?,milton,milton
lr42wt4,t3_1fzv4nw,t1_lr41c6w,florida,heathersaur,2024-10-09T16:29:47+00:00,13,It needed to be manually approved.,milton,milton
lr43ca6,t3_1fzv4nw,t3_1fzv4nw,florida,No-Notice565,2024-10-09T16:32:05+00:00,129,"If you dont know your zone, the easiest way ive found is to search the name of your county followed by ""hurricane preparedness guide"". Youll be able to find your evacuation zone along with locations for your local shelters.",milton,milton
lr45h95,t3_1fzv4nw,t3_1fzv4nw,florida,fxryker,2024-10-09T16:43:27+00:00,53,"Thanks for this. I was able to convince my zone a cape coral family to evacuate yesterday after pestering them for 3 days. Last time i checked a tornado just passed over matlatcha bridge around at noon according to the bridge camera. It's not too late to convince your family if they're staying, but time is running out",milton,milton
lr46rtm,t3_1fzv4nw,t3_1fzv4nw,florida,swirleyhurleyhusky,2024-10-09T16:50:16+00:00,-8,Stop with your political bullshit in the middle of a storm… kick rocks,milton,milton
lr46uua,t3_1fzv4nw,t1_lr45h95,florida,swirleyhurleyhusky,2024-10-09T16:50:43+00:00,18,Its too late,milton,milton
lr48d7p,t3_1fzv4nw,t1_lr42wt4,florida,GmaSickOfYourShit,2024-10-09T16:58:38+00:00,7,I think r/Georgia auto rejected it by mistake,milton,milton
lr49u0o,t3_1fzv4nw,t3_1fzv4nw,florida,oceanicArboretum,2024-10-09T17:06:27+00:00,67,"Hi u/whitehouse . Please also create a Subreddit. I see that r/Georgia deleted your post there. If you used a sub, no one would be able to delete your posts.


Thank you for your communications through this mess, and for all that you do.",milton,milton
lr4a5c1,t3_1fzv4nw,t3_1fzv4nw,florida,jms21y,2024-10-09T17:08:07+00:00,282,"i've been seeing federal employees on the ground here; been talking with some of them. while federal help is not the first line of defense, people in affected areas should know that *they are here*. they are the eyes and ears on the ground, and they will help however they can.",milton,milton
lr4az67,t3_1fzv4nw,t3_1fzv4nw,florida,ins0mniac_,2024-10-09T17:12:32+00:00,118,"Unfortunately, it’s not going to be enough for people who believe the lies that FEMA isn’t doing anything. To them they seem to think that FEMA should be dropping bundles of cash out of helicopters.",milton,milton
lr4bq3o,t3_1fzv4nw,t3_1fzv4nw,florida,CharliAP,2024-10-09T17:16:31+00:00,55,Thank you. DeSantis would let people die just to 'own the libs'. His deplorable handling of Covid proved that. ,milton,milton
lr4ccqw,t3_1fzv4nw,t3_1fzv4nw,florida,Snert196,2024-10-09T17:19:52+00:00,507,"Yes, this is the official White House Reddit account. You can now stop reporting the post for impersonation and spam. Thank you.",milton,milton
lr4cl7g,t3_1fzv4nw,t1_lr4bq3o,florida,BikerJedi,2024-10-09T17:21:07+00:00,34,"No matter what the feds do, Rhonda will lie about it and say their response was inadequate. He will also pretend the GOP didn't got against more FEMA funding.

I cannot wait for that little toad to be out of office.",milton,milton
lr4cx24,t3_1fzv4nw,t1_lr4az67,florida,Snert196,2024-10-09T17:22:51+00:00,7,isn't it good enough that we get bundles of cash that wash up on the beach? /s,milton,milton
lr4dc3x,t3_1fzv4nw,t1_lr45h95,florida,Open_Perception_3212,2024-10-09T17:25:02+00:00,11,My aunt and uncle are riding it out 😵‍💫 and my uncle just had heart surgery 2 months ago 😮‍💨,milton,milton
lr4ep6j,t3_1fzv4nw,t1_lr4az67,florida,BeIgnored,2024-10-09T17:32:11+00:00,98,"It's so bad that FEMA had to start a rumor response website:


https://www.fema.gov/disaster/current/hurricane-helene/rumor-response",milton,milton
lr4ev92,t3_1fzv4nw,t1_lr4bq3o,florida,faiitmatti,2024-10-09T17:33:04+00:00,-2,"In all fairness to what anything thinks of DeSantis, the dude does not fuck around during hurricanes and does a great job getting the state ready. I don’t like him, but give props where props are due.",milton,milton
lr4evm0,t3_1fzv4nw,t1_lr4az67,florida,Hopeful-Jury8081,2024-10-09T17:33:08+00:00,27,"At this point, no one can help stupid. It’s all over about FEMA",milton,milton
lr4f3cr,t3_1fzv4nw,t1_lr4bq3o,florida,-ItsWahl-,2024-10-09T17:34:15+00:00,-15,What world do you live in? Not defending Desantis but people just love spouting this stupidity. The guy sent emergency workers to the Asheville area BYPASSING the government. He did the same with the striking dock workers knowing people needing supplies would suffer. I’ll take my downvotes and y’all keep spewing hate.,milton,milton
lr4f41h,t3_1fzv4nw,t3_1fzv4nw,florida,anaisaknits,2024-10-09T17:34:21+00:00,41,Thank you for this post! Watched them on CNN and it's all about looking out for the citizens. Party affiliation doesn't matter to this administration when they know they have to lookout for all of the people.,milton,milton
lr4fyeh,t3_1fzv4nw,t1_lr4cl7g,florida,CharliAP,2024-10-09T17:38:51+00:00,13,"Right, DeSantis will pretend he fixed everything all by himself. The only thing he will care about is refurbishing beaches and businesses on the beaches for tourists. Actually helping Floridians that lose everything and become homeless, not at all. Pretty soon he'll have them arrested for sleeping in public. ",milton,milton
lr4hj0z,t3_1fzv4nw,t3_1fzv4nw,florida,vita10gy,2024-10-09T17:47:11+00:00,29,But but but I saw on facebook all the money went to trans hatians in the ukrane!,milton,milton
lr4hkmo,t3_1fzv4nw,t1_lr4ep6j,florida,h20poIo,2024-10-09T17:47:25+00:00,74,Amazing the Republican candidates for President and V P are spreading rumors and Disinformation during a national disaster for political gain only. If they get to the W. H. we are doomed.,milton,milton
lr4hsv2,t3_1fzv4nw,t1_lr4f3cr,florida,CharliAP,2024-10-09T17:48:37+00:00,21,I live in DeSantis' 'don't Fauci my Florida'. The Demon politicized a worldwide pandemic and tens of thousands of Floridians died. ,milton,milton
lr4if1h,t3_1fzv4nw,t1_lr4f3cr,florida,ConsiderationJust948,2024-10-09T17:51:54+00:00,25,He did that in an attempt to make feds look bad. Nothing he does it to help anyone but himself and his political allies. Right now he is all about please Trump and helping him win. He has been playing into the “Biden and Harris aren’t helping” lies.,milton,milton
lr4ijmd,t3_1fzv4nw,t1_lr4az67,florida,UnidentifiedTron,2024-10-09T17:52:34+00:00,5,You mean to tell me it’s not the Federal Emergency Money Agency?! ::gasps::,milton,milton
lr4iudk,t3_1fzv4nw,t1_lr4a5c1,florida,picasandagate,2024-10-09T17:54:08+00:00,97,"Additionally, if people aren't familiar with Ryan Hall on YouTube, calm, quiet, knowledgeable, competent, clear Milton information in real time including the many ongoing tornado watches and warnings livestream right now - incredible resource. They get very detailed i.e. tornado headed your way on xyz St., or, near the intersection of A and B Avenue and Highway C. 

[https://www.youtube.com/watch?v=d-V\_YnmER0Y](https://www.youtube.com/watch?v=d-V_YnmER0Y)

edit to add last sentence",milton,milton
lr4jb0i,t3_1fzv4nw,t3_1fzv4nw,florida,TheMattaconda,2024-10-09T17:56:35+00:00,42,"Is there a way to give Ron DeSantis and his wife Casey another $26,000,000.00 of hurricane assistance (that they can use to buy up Florida properties under Casey DeSantis parents names? ) They've blown through the previous $26m they scammed from everyone already.",milton,milton
lr4l64c,t3_1fzv4nw,t1_lr4ep6j,florida,yardhaunt,2024-10-09T18:06:40+00:00,3,thank you for this link,milton,milton
lr4luf2,t3_1fzv4nw,t3_1fzv4nw,florida,paidinboredom,2024-10-09T18:10:23+00:00,3,I got a co-worker who was deployed to NC and now he got pulled back to Indian River County. They're pulling literally everyone in the area for this.,milton,milton
lr4mydf,t3_1fzv4nw,t3_1fzv4nw,florida,ButtPlugForPM,2024-10-09T18:16:27+00:00,13,"Biden showing how a president should act,Willing to come to the aide,even for a state that  mostly hates him,and voted against  increasing FEMA funding.

I couldnt honestly see trump acting the same,prob just bring some paper towels",milton,milton
lr4n5bu,t3_1fzv4nw,t1_lr4a5c1,florida,ButtPlugForPM,2024-10-09T18:17:31+00:00,37,"Sadly,i'm already seeing the conservative media spinning a narrative that Biden has abanonded the state,even though  theres 1000s of employees already in the regions preparing for disaster response.",milton,milton
lr4n6b3,t3_1fzv4nw,t1_lr4ccqw,florida,greg1003,2024-10-09T18:17:40+00:00,33,"Politics aside, it’s solid that they’re posting at this subreddit to spread information on",milton,milton
lr4nfk3,t3_1fzv4nw,t3_1fzv4nw,florida,torxbutton,2024-10-09T18:19:04+00:00,3,"Is there a reason it's the ""Biden-Harris Administration"" and not just the ""Biden Administration""?",milton,milton
lr4nsur,t3_1fzv4nw,t1_lr4ep6j,florida,miffox,2024-10-09T18:21:04+00:00,50,"Wow.... That page is WILD ... 

Who'd think that it's a good idea to spread these rumors?? 

I know, I know... It is quite obvious.",milton,milton
lr4nx7q,t3_1fzv4nw,t3_1fzv4nw,florida,Big-Scene-3158,2024-10-09T18:21:44+00:00,4,"Great work!  Indeed let's keep it civil and help each other, that is the only way we progress through this.",milton,milton
lr4opb1,t3_1fzv4nw,t1_lr4if1h,florida,-ItsWahl-,2024-10-09T18:25:57+00:00,-25,Regardless of the intent the results are what matter. It’s clear the majority do not republicans. Harris in the White House for the past 4 years has been an absolute joke yet everyone is ready to double down on her because they hate Trump. Forget what’s best for your own life. Just vote based on the popularity contest.,milton,milton
lr4p11i,t3_1fzv4nw,t1_lr4ccqw,florida,sunnynina,2024-10-09T18:27:41+00:00,10,"Well, that's just cool.",milton,milton
lr4pcxw,t3_1fzv4nw,t1_lr4hsv2,florida,-ItsWahl-,2024-10-09T18:29:25+00:00,-17,I live in the same Florida. So tell me what exactly DeSantis put into effect that was the reason behind those deaths. Also it’s a proven fact that the lockdowns and masks did nothing to prevent deaths. See I have a unique outlook on the Covid situation. I worked in a hospital and personally witnessed exactly what was going on and not the media spin.,milton,milton
lr4pls8,t3_1fzv4nw,t3_1fzv4nw,florida,miffox,2024-10-09T18:30:44+00:00,2,"Can you ask Kamala to call Desantis? Apparently he never heard from her...


/s",milton,milton
lr4pomk,t3_1fzv4nw,t3_1fzv4nw,florida,treehuggingmfer,2024-10-09T18:31:09+00:00,27,"President Biden on Monday 10/7 approved an emergency declaration for Florida, and U.S. Rep. Kathy Castor said 7,000 federal workers were mobilized to help out in one of the largest mobilizations of federal personnel in history.",milton,milton
lr4pou7,t3_1fzv4nw,t1_lr4opb1,florida,ConsiderationJust948,2024-10-09T18:31:11+00:00,21,"How exactly has she been a joke? She isn’t POTUS or in congress. Do you have any idea how our government works and what little power VPOTUS has!?!?!?

How would Harris be better for me?
My daughter might have a chance of making her own medical decisions.
My friends might too. We won’t have I’ve banned either.
LGBTQ+ would be protected.
Inflation would continue to fall versus skyrocketing with a dumbass tariff being instituted by Chump.
We would not be a laughingstock to the world for electing a known and adjudicated rapist and 34x convicted felon.
A traitor to this country who has admitted he will commit crimes wouldn’t be POTUS
We would see someone push for first time home owners, families, mothers in particular 
We won’t give Ukraine to Russia
We will hold Israel accountable for Gaza rebuilding. 
Tax cuts for me since I’m not rich. 


That’s just a few of the many pluses.",milton,milton
lr4ps7x,t3_1fzv4nw,t3_1fzv4nw,florida,war_against_myself,2024-10-09T18:31:42+00:00,6,Thank you for helping Americans and putting out this message here.,milton,milton
lr4qaod,t3_1fzv4nw,t1_lr4cx24,florida,JoviAMP,2024-10-09T18:34:28+00:00,8,"You can keep the cash, I just want the square grouper.",milton,milton
lr4qb0l,t3_1fzv4nw,t1_lr4dc3x,florida,treehuggingmfer,2024-10-09T18:34:31+00:00,8,Well this will test his heart out. They should of left. Wish them the best.,milton,milton
lr4qxo6,t3_1fzv4nw,t1_lr4qb0l,florida,Open_Perception_3212,2024-10-09T18:37:51+00:00,7," I wish they had as well, but 🤷🏼‍♀️.",milton,milton
lr4qyf9,t3_1fzv4nw,t1_lr4pou7,florida,-ItsWahl-,2024-10-09T18:37:58+00:00,-5,So then vote that way.,milton,milton
lr4r6wg,t3_1fzv4nw,t1_lr4iudk,florida,OaklandRhapcity,2024-10-09T18:39:13+00:00,3,Appreciate the recommendation!,milton,milton
lr4ry43,t3_1fzv4nw,t3_1fzv4nw,florida,JimBeam823,2024-10-09T18:43:16+00:00,-10,"Good information. My only frustration is why hasn’t the Biden Administration been doing things like this for four years? 

Edit: I meant publicize what they have done with press conferences and press releases. I'm aware that they've done a lot behind the scenes.",milton,milton
lr4s5nf,t3_1fzv4nw,t1_lr4nsur,florida,JimBeam823,2024-10-09T18:44:23+00:00,22,Probably Russia. Trump then spreads it word for word. ,milton,milton
lr4swgl,t3_1fzv4nw,t1_lr4hkmo,florida,BeIgnored,2024-10-09T18:48:23+00:00,17,Yeah. And they're rumors that will kill people in a predominantly Republican state. They're willing to kill their own for the sake of winning.,milton,milton
lr4syf5,t3_1fzv4nw,t3_1fzv4nw,florida,risketyclickit,2024-10-09T18:48:40+00:00,13,Much Love for Joe and Kamala and this administration! Hopes for safety for all involved.,milton,milton
lr4tfer,t3_1fzv4nw,t3_1fzv4nw,florida,thejustducky1,2024-10-09T18:51:11+00:00,6,"Thank you so much for your help!  

As you know, our governor has continually left us to fend for ourselves unaided, is there any possibility of a way to bypass the middleman and directly request Federal relief so we don't have to suffer for his political agenda?",milton,milton
lr4to1u,t3_1fzv4nw,t3_1fzv4nw,florida,Constant-Profit-8781,2024-10-09T18:52:27+00:00,53,"NC here trying to help you all out with disinformation in case it comes your way.

Several people have started spreading posts to not donate to the American Red Cross but to Samaritan's purse and Cajun Navy.

The Red Cross in north Ashville just posted in Reddit they are nearly empty and accepted donations. Blood banks are at a severe deficit.

So please donate to the Red Cross. They have saved millions of lives.",milton,milton
lr4uk7r,t3_1fzv4nw,t1_lr4pcxw,florida,CharliAP,2024-10-09T18:57:09+00:00,11," DeSantis sat on One Million Covid tests in the middle of an Omicron surge in Florida. He demonized Trump's vaccine. He spread the lie you just said about lockdowns and masks, as well. ",milton,milton
lr4vvkb,t3_1fzv4nw,t3_1fzv4nw,florida,Asdronot,2024-10-09T19:04:07+00:00,1,"FEMA is a joke. They hand out water and MREs weeks after a storm. Waste endless amounts of resources providing little assistance to those who need it. They should be deployed prior to a storm not long after it has passed. The scariest thing anyone can hear is ""I'm with the government and I'm here to help""",milton,milton
lr4xhba,t3_1fzv4nw,t3_1fzv4nw,florida,astrokey,2024-10-09T19:12:38+00:00,1,Fuck DeSantis. Floridians need your help.,milton,milton
lr4xyog,t3_1fzv4nw,t3_1fzv4nw,florida,lovetheoceanfl,2024-10-09T19:15:13+00:00,4,Way to go u/whitehouse!,milton,milton
lr4ywe1,t3_1fzv4nw,t1_lr4iudk,florida,littleredd11_11,2024-10-09T19:20:13+00:00,30,"Ryan Hall is wonderful. I've had him on since he went live this morning, just kind of background, but with one ear listening for updates. He is very competent and trustworthy.  Thanks for sharing.",milton,milton
lr509rh,t3_1fzv4nw,t3_1fzv4nw,florida,wahdatah,2024-10-09T19:27:30+00:00,-12,Their administration was nothing short of an absolute failure to our family during Ian. I have little confidence they will right the ship this time. I hope they prove me wrong.,milton,milton
lr517f6,t3_1fzv4nw,t1_lr4pcxw,florida,ConsiderationJust948,2024-10-09T19:32:36+00:00,12,This is a lie. Mask effectiveness was studied at length. Plenty proved it.,milton,milton
lr51kfs,t3_1fzv4nw,t3_1fzv4nw,florida,No_Outlandishness50,2024-10-09T19:34:30+00:00,3,Thank you 💜,milton,milton
lr51ud9,t3_1fzv4nw,t1_lr4jb0i,florida,littleredd11_11,2024-10-09T19:35:57+00:00,12,"Oh, is that what happened to that money? I was wondering since they were collecting so much, and then all of a sudden, I didn't hear shit about it. Grifters going to grift. Assholes.",milton,milton
lr526w5,t3_1fzv4nw,t1_lr4fyeh,florida,littleredd11_11,2024-10-09T19:37:48+00:00,4,"Unless they are rich and conservative.  Then, he will bend over backwards to make sure they and their property is safe or rebuilt. But fuck everyone else.",milton,milton
lr53p98,t3_1fzv4nw,t3_1fzv4nw,florida,wakejedi,2024-10-09T19:45:44+00:00,15,"Thanks Joe!

Fuck you Ron!",milton,milton
lr545o5,t3_1fzv4nw,t1_lr4ywe1,florida,Expert_Alchemist,2024-10-09T19:48:08+00:00,19,"The constant stream of new tornado alerts is abstractly terrifying and he just looks like he's trying not to be stressed out by them. He's doing great, it's just a ridiculously ott situation.",milton,milton
lr54fbt,t3_1fzv4nw,t1_lr4az67,florida,Cold-Nefariousness25,2024-10-09T19:49:32+00:00,5,Those people are unconscionable.,milton,milton
lr54wrr,t3_1fzv4nw,t1_lr4opb1,florida,littleredd11_11,2024-10-09T19:52:03+00:00,5,"Nah. Harris is the VP. Look up what powers the VP has. Not a whole lot. Vance apparently doesn't know since he blames everything on her. If Trump and he should win, he is going to be very disappointed to what his job actually is. DeSantis wants all the credit,  though FEMA does the most work. And every Republican voted against FEMA funding, then started whining about getting FEMA funding. Pretty cool trick they did there. Intent matters, especially when there are people purposely lying and putting lives in danger, or preventing people from filing claims because they believe those lies. Just like what happened in Springfield, Ohio. Funny how that disappeared as soon as the hurricanes hit. Don't hear a peep about the Haitians now. I'm sure Springfield is very relieved and thankful for that. There are no more bomb threats (from what i know), and the Haitians can (maybe) relax again and go back to living their lives.",milton,milton
lr54xn6,t3_1fzv4nw,t1_lr4ywe1,florida,picasandagate,2024-10-09T19:52:10+00:00,8,I hope it helps at least a few - not only those in the storm but people who love them who live far away. They've saved a life or two since they've been doing this on YouTube. Also they've created a non-profit which assists natural disaster survivors as they are able. I appreciate their quiet and lack of hyberbole/hysteria. (I'm not sure Jim Cantore yelling and flailing around in the wind actually assists people all that much.),milton,milton
lr54ymd,t3_1fzv4nw,t1_lr4f3cr,florida,Cold-Nefariousness25,2024-10-09T19:52:19+00:00,6,You mean the 1 day strike that Biden resolved?,milton,milton
lr55e2z,t3_1fzv4nw,t1_lr4pou7,florida,littleredd11_11,2024-10-09T19:54:32+00:00,4,Yes to all of this!,milton,milton
lr55hyl,t3_1fzv4nw,t1_lr4hkmo,florida,2_dam_hi,2024-10-09T19:55:05+00:00,5,"Amazing. Disheartening. Sickening. Pick your adjective.

I'm going with Predictable.",milton,milton
lr55js1,t3_1fzv4nw,t3_1fzv4nw,florida,BuckingWilde,2024-10-09T19:55:20+00:00,3,"Thank you. 

I hope everyone stays safe.",milton,milton
lr568w6,t3_1fzv4nw,t1_lr4to1u,florida,littleredd11_11,2024-10-09T19:58:58+00:00,15,Why are they telling people not to donate to the American Red Cross? What dis they ever do?,milton,milton
lr56hnx,t3_1fzv4nw,t1_lr49u0o,florida,littleredd11_11,2024-10-09T20:00:13+00:00,28,"https://www.reddit.com/u/whitehouse/s/HTOuOL5oTd

Subreddit created🙂",milton,milton
lr56w6a,t3_1fzv4nw,t1_lr4nfk3,florida,2_dam_hi,2024-10-09T20:02:20+00:00,17,"Yes. Republicans have normalized it to be able to blame any mistakes Biden made on Kamala too. Classic propaganda.

Biden's administration decided to lean into it so she gets credit for the good things this administration has done.",milton,milton
lr571e3,t3_1fzv4nw,t1_lr4ry43,florida,DegreeDubs,2024-10-09T20:03:06+00:00,6,"Disaster relief has never been as politicized as it has been this season. I hope more political leaders take this as a lesson to be more proactive with public information moving forward, instead of waiting to react against possible misinformation.",milton,milton
lr58nzy,t3_1fzv4nw,t1_lr4az67,florida,Deviljho,2024-10-09T20:11:39+00:00,8,I feel like the FEMA paranoia is one of the early post 9/11 conspiracies. I remember seeing schizo YouTube videos years ago about FEMAs main goal being to establish new and permanent rule in disaster stricken areas. And a whole bunch of rhetoric about Walmart stores being bases of operation for their takeovers.,milton,milton
lr59jih,t3_1fzv4nw,t3_1fzv4nw,florida,neutralpoliticsbot,2024-10-09T20:16:16+00:00,-5,so he is doing his job? ok,milton,milton
lr59l3y,t3_1fzv4nw,t3_1fzv4nw,florida,Ihathreturd,2024-10-09T20:16:31+00:00,7,"Unfortunately this is something that has been building up since Hurricane Katrina took a stroll through New Orleans. If you can recall how the kooks would talk about the FEMA death camps and all the other nonsense back in 05/06. The fact that FEMA has to waste their time with this shit is just sad, only being made worse by disingenuous people amplifying those lies. One of them being a candidate for President and calling the great state of Florida his home!",milton,milton
lr5athx,t3_1fzv4nw,t1_lr4n5bu,florida,picasandagate,2024-10-09T20:23:00+00:00,9,"Right. Plus my state sent tons of resources, volunteers, professional help, etc. for Helene - most of those still there ready to help for this one. But hey, we're one of those liberal elite Northeast states so many hate with all the marrow of their bones. They'll take the help, and still hate us when we leave. This pattern has gone on for some years. These situations are all lost chances at fellowship as humans. And the media lying about response in order to swing the election is just sickening. Sad days these, sad days.",milton,milton
lr5b9be,t3_1fzv4nw,t1_lr4cx24,florida,LeastAd9721,2024-10-09T20:25:19+00:00,3,Doesn’t a load of coke wash ashore after these things? Let’s sell it to Georgia or something,milton,milton
lr5decs,t3_1fzv4nw,t1_lr4ccqw,florida,Basic_Quantity_9430,2024-10-09T20:36:40+00:00,59,"I read about the account on my national news feed early this morning.  Reddit was an excellent choice given the rampant misinformation that is taking place on X and Facebook.  Cudos to the White House for not only having a good working on the ground response, but also punching back against lies and misinformation.",milton,milton
lr5f0nk,t3_1fzv4nw,t1_lr517f6,florida,-ItsWahl-,2024-10-09T20:45:19+00:00,-3,Nf95s were effective. Plus they’re only good for 2hrs. The regular bullshit paper masks were not effective. Surgeons in an OR are required to change them after a few hours yet they’re good for months against Covid. My comments hold up to a google search.,milton,milton
lr5fa7x,t3_1fzv4nw,t1_lr4n5bu,florida,Honest-Layer9318,2024-10-09T20:46:47+00:00,23,"I was on the road Monday.  Saw hundreds of bucket trucks, generators, plywood, portable toilets,  even horse trailers marked FEMA.  They are taking it seriously.  The spin is not helpful and I don’t know why these people believe the lies and can’t look up from their screens to see for themselves that help is in Florida ready and waiting.",milton,milton
lr5fmg3,t3_1fzv4nw,t1_lr54wrr,florida,-ItsWahl-,2024-10-09T20:48:37+00:00,-3,Believe what you’d like and vote how you’d like… idc… understand not everyone agrees with you and move on. 95% of the posts here end with fuck Ron and fuck trump. Just gets old.,milton,milton
lr5fu24,t3_1fzv4nw,t1_lr4f41h,florida,Basic_Quantity_9430,2024-10-09T20:49:44+00:00,30,"It is truly shameful that Trump has had real cases where he purposely withheld federal aid while President from areas affected by disaster.  He did it with Puerto Rico, the Camp Fire in California that wiped out Paradise California, and the Orange County California fire.  The legacy media should be screaming to the rooftops about Trump’s behavior, yet silence.

Add to the above, Trump sending Covid test kits to Russia while USA citizens were desperately trying to get those kits.  How many USA citizens lost their lives because they could not confirm Covid early enough for the paltry treatments that were available early in the pandemic to have a chance of saving their lives?",milton,milton
lr5i8lb,t3_1fzv4nw,t1_lr4tfer,florida,Basic_Quantity_9430,2024-10-09T21:02:29+00:00,1,"Well the FEDs could try to work directly with Mayors and Commissioners, but the Biden Administration seems too respectful of proper governance to pull something like that.

Like it or not, DeSantis is the Chief Executive of our state and the FEDs need to work through him.  I wish that we had a more compassionate and introspective Governor, but we don’t - that is something that we as voters must work to change.",milton,milton
lr5j0ga,t3_1fzv4nw,t1_lr545o5,florida,littleredd11_11,2024-10-09T21:06:44+00:00,4,"Omg, the notification just keeps going off. Then I looked at my weather app. It's all red. And my cats outside somewhere. Better get his booty home now!",milton,milton
lr5jh0a,t3_1fzv4nw,t1_lr59l3y,florida,Basic_Quantity_9430,2024-10-09T21:09:15+00:00,1,05/06 look like a sane time when compared to today.  The widespread use of cellphones and the deep penetration of social media (which was fairly archaic in 05/06) make it possible for both kooks and outright evil people to easily spread misinformation that harms innocent people.,milton,milton
lr5koa6,t3_1fzv4nw,t1_lr4ry43,florida,Basic_Quantity_9430,2024-10-09T21:15:52+00:00,6,"The Biden Administration HAS been doing this type of effort.  Look at the what the Biden Administration did to get social media companies like Twitter and Facebook to review Covid misinformation and misinformation about Covid vaccines and treatments.  The effort most likely saved lots of people’s lives.

The thing is, disaster relief has not been politicized (at least openly, we now know that Trump purposely withheld funds for political reasons) in the raw way that it is not and one person, Trump, is directly responsible for this new and messed up reality.",milton,milton
lr5kwym,t3_1fzv4nw,t1_lr54xn6,florida,littleredd11_11,2024-10-09T21:17:13+00:00,3,"I donated yesterday, even though I'm kind of broke. But it's the right thing to do. If I'm stuck here and can't go help someone, they can. And now I'm thinking of one of those blow-up stick like things that move when the wind moves seen at used car dealers with the arms that go all over the place. I can't think of what they're called. I think you know ow what I mean.",milton,milton
lr5ld7p,t3_1fzv4nw,t1_lr5fmg3,florida,littleredd11_11,2024-10-09T21:19:42+00:00,1,"Meh. I'm voting Harris all the way. Need some positively, not all the doom and gloom for Trump.  Not to mention all his baggage. (Felon, rapist, etc.)",milton,milton
lr5nfpf,t3_1fzv4nw,t1_lr5j0ga,florida,_dead_and_broken,2024-10-09T21:31:20+00:00,14,"You knew this was coming, why even let the cat out today in the first place.",milton,milton
lr5nm5o,t3_1fzv4nw,t1_lr5ld7p,florida,-ItsWahl-,2024-10-09T21:32:20+00:00,0,Not that I’m looking to change your mind or give two shits how you vote. Honestly… during Trumps term there was no baggage or negativity. Interest rates were so much better. Life was affordable and my 401k was climbing. Can’t say the same for the last four years. Again vote however you want it makes no difference to me. I’d just like the Florida sub to be about Florida.,milton,milton
lr5nxk4,t3_1fzv4nw,t1_lr4f3cr,florida,Ayzmo,2024-10-09T21:34:05+00:00,5,"The dockworkers strike ended before he did anything. His actions were political theater like they always are.

Meanwhile the Florida National Guard remains in Texas.",milton,milton
lr5o4p3,t3_1fzv4nw,t1_lr4opb1,florida,Ayzmo,2024-10-09T21:35:12+00:00,0,Harris is absolutely best for my life in every way. There's literally not a metric by which Trump would be better.,milton,milton
lr5o6ru,t3_1fzv4nw,t1_lr5fa7x,florida,aznoone,2024-10-09T21:35:32+00:00,10,"Also probably won't see them in areas they expect may be hit hard until after the storm.
I have worked for utilities in the past and we stage as close as possible but try to not stage where equipment may become damaged.",milton,milton
lr5ob0b,t3_1fzv4nw,t1_lr5nm5o,florida,Ayzmo,2024-10-09T21:36:12+00:00,2,"If your 401K was doing well under Trump, it is doing better now. That's just a fact. Stocks are higher than ever.",milton,milton
lr5oibr,t3_1fzv4nw,t1_lr5nfpf,florida,littleredd11_11,2024-10-09T21:37:22+00:00,4,"Their indoor/outdoor cats and they sleep in the garage (they have beds and everything. My mom just doesn't want a litter box in here). They were strays. We took they to get fixed, the catch and release program, and they adopted us. So he was chilling in the garage, where he probably still is, just hiding. I can't see him going out in this.",milton,milton
lr5ovox,t3_1fzv4nw,t1_lr5kwym,florida,picasandagate,2024-10-09T21:39:30+00:00,3,"air dancers, tube dancers 😊 There are other names for them though, none of which come to mind at the moment. There's something rather endearing about them, I think. All that silly exuberance. Not sure I've ever been as happy as they are.",milton,milton
lr5p85o,t3_1fzv4nw,t1_lr5ovox,florida,littleredd11_11,2024-10-09T21:41:28+00:00,2,"Yeah, those things. I agree.",milton,milton
lr5q5tz,t3_1fzv4nw,t1_lr58nzy,florida,SuperfluousWingspan,2024-10-09T21:46:51+00:00,-4,"Don't forget the chips implanted by fema with their convid haxxine!!1!

#/s",milton,milton
lr5qwvb,t3_1fzv4nw,t1_lr56w6a,florida,SuperfluousWingspan,2024-10-09T21:51:13+00:00,1,"It's also just an accurate, well-precedented descriptor.",milton,milton
lr5refl,t3_1fzv4nw,t1_lr571e3,florida,SuperfluousWingspan,2024-10-09T21:54:01+00:00,1,"On one end of things, I agree, but only if doing so isn't at the cost of effective, timely action.  Obviously, different people handle each, but priorities affect staffing budgets.",milton,milton
lr5snyt,t3_1fzv4nw,t1_lr5refl,florida,DegreeDubs,2024-10-09T22:01:02+00:00,2,"That's a fair take on task prioritization! There is definitely some cost-benefit analysis involved here when it comes to limited time and resources. I don't think many of us anticipated seeing so many politicians involved in misinformation campaigns at the risk of general health and safety, unfortunately.",milton,milton
lr5t22z,t3_1fzv4nw,t3_1fzv4nw,florida,Peakomegaflare,2024-10-09T22:03:05+00:00,1,I'n glad you all are. Rick Scott and DeSantis have flat out denied us anything. Please reach out to Mayor Deegan who's basically the only bastion of sanity in this damn state,milton,milton
lr5t4y2,t3_1fzv4nw,t3_1fzv4nw,florida,Peakomegaflare,2024-10-09T22:03:28+00:00,3,I'n glad you all are. Rick Scott and DeSantis have flat out denied us anything. Please reach out to Mayor Deegan who's basically the only bastion of sanity in this damn state,milton,milton
lr5u2bp,t3_1fzv4nw,t1_lr5f0nk,florida,SuperfluousWingspan,2024-10-09T22:08:44+00:00,5,"A vague reference to the ability to do a google search being your (volunteered, not requested) evidence does the opposite of what evidence is meant to do for an argument.  If you're going to argue a point against the advice and consensus of experts in the field, at least either use good evidence or decide not to cite evidence at all.

Do masks of any kind 100% prevent transmission of covid?  No, obviously.  Same for vaccines.  Neither are designed on principles that could ever do that.

Do better masks work better?  Yes, obviously.

But surgical and cloth masks (etc.) still catch droplets that can otherwise carry viral load and still disrupt breath patterns that would carry droplets further and faster than otherwise.

*Coughing into a sleeve* is better than not, for that matter.",milton,milton
lr5vqp3,t3_1fzv4nw,t1_lr5nm5o,florida,SuperfluousWingspan,2024-10-09T22:18:59+00:00,2,"No baggage or negativity?  Do you remember the racist sentiments against Hispanic Americans rising from his ""not sending their best"" rhetoric?  The racist sentiments against brown Americans of all kinds concurrent with his Muslim bans?  The racist sentiments and violence against AAPI Americans (that had been in the country for *years*, or possibly their entire lives) around the onset of the so-called ""China virus""?  The surge in white supremacist rallies and activity during his campaign and tenure (e.g. Charlottesville's ""Unite the Right"" rally - the name of which would upset me if I were a right-leaning individual that wasn't a white supremacist).

Like, maybe you didn't encounter any due to some combination of luck, privilege, ignorance (as in lack of knowledge - not the insult), demographics, or selective memory.  But claiming there wasn't any is wild.

Unless you just mean on the subreddit, which is as likely to be due to changes in sub rules and average sub demographics as anything else.",milton,milton
lr5vujz,t3_1fzv4nw,t1_lr4qyf9,florida,SuperfluousWingspan,2024-10-09T22:19:39+00:00,2,I'm sure they plan to - I'm not certain what your comment is getting at here.,milton,milton
lr5w1ut,t3_1fzv4nw,t1_lr5o4p3,florida,SuperfluousWingspan,2024-10-09T22:20:54+00:00,2,"I mean, I guess we're all less likely to die in a violent riot if Trump wins, so there's that?",milton,milton
lr5wbs7,t3_1fzv4nw,t1_lr59jih,florida,SuperfluousWingspan,2024-10-09T22:22:35+00:00,9,"Yep, nothing crazy here.  That said, conservative pundits and campaigns are trying to act as if he isn't doing his job despite reality, so making things as clear as possible is helpful.",milton,milton
lr5wo6u,t3_1fzv4nw,t1_lr4hj0z,florida,SuperfluousWingspan,2024-10-09T22:24:42+00:00,7,"I mean, if there are Trans Haitians in Ukraine, they could probably really use the help.",milton,milton
lr5xqha,t3_1fzv4nw,t3_1fzv4nw,florida,AlejoMSP,2024-10-09T22:31:20+00:00,-2,As long as Ronnie gets his white boots we’ll be all fine.,milton,milton
lr5xtsr,t3_1fzv4nw,t1_lr5snyt,florida,SuperfluousWingspan,2024-10-09T22:31:55+00:00,1,"One could make an argument that misinformation about Iraq was a big leap in that direction well before the full fake news shift.  I'm not informed enough about that to make that argument (or firmly believe it a priori), but it seems like a reasonable thought.",milton,milton
lr5y7gv,t3_1fzv4nw,t1_lr5vujz,florida,-ItsWahl-,2024-10-09T22:34:18+00:00,-2,Just looking for the downvotes. Just want r/Florida to be about Florida. So any chance to piss people off when they high Jack the sub to politics I’ll be there.,milton,milton
lr5ydg2,t3_1fzv4nw,t1_lr5fu24,florida,TrumpsCovidfefe,2024-10-09T22:35:21+00:00,11,"Trump also denied 99% of aid requested by Governor Cooper in N.C. after Hurricane Matthew. He literally sent the bare minimum, 1 percent.",milton,milton
lr5yi9l,t3_1fzv4nw,t1_lr4swgl,florida,TrumpsCovidfefe,2024-10-09T22:36:13+00:00,4,I don’t understand this strategy; I didn’t understand it during Covid and I still don’t.,milton,milton
lr5z7ej,t3_1fzv4nw,t1_lr5u2bp,florida,-ItsWahl-,2024-10-09T22:40:33+00:00,0,There’s no arguing here. You folks believe what you believe and will scream it from any soapbox possible. I don’t care. Sick of 95% of these posts get high jacked with politics and every single time it’s Trump and DeSantis fault. Fucking move out or move on it’s old!,milton,milton
lr5z84j,t3_1fzv4nw,t1_lr5oibr,florida,_dead_and_broken,2024-10-09T22:40:40+00:00,0,"Ah, okay. 

Well, I'm glad the CDS worked yet again

But I couldn't do it, leave my cat in the garage during storms.  I got my little gremlin inside with us. She's sleeping on my husband's legs right now lol we're also in a 3rd floor apt and don't have a garage anymore, so that's actually a moot point, I suppose lol 

Hope all of you stay safe and unscathed tonight/tomorrow!",milton,milton
lr60eho,t3_1fzv4nw,t1_lr5wbs7,florida,neutralpoliticsbot,2024-10-09T22:48:01+00:00,5,even DeSantis praised Biden he said everything he asked for was approved.,milton,milton
lr60msa,t3_1fzv4nw,t1_lr5z84j,florida,littleredd11_11,2024-10-09T22:49:28+00:00,9,"He was in the garage. I got both of them in the house now. They are staying in with me tonight. Bring the cat box in and put it in the laundry room. So now I have 2 cats and 2 dogs. One dog HATES storms. So this should be fun. Stay safe, and hopefully, this is over soon! (Though i have a feeling it's going to be a long night.😒).",milton,milton
lr60ruk,t3_1fzv4nw,t1_lr4ccqw,florida,IntendedMishap,2024-10-09T22:50:22+00:00,1,"Thank you for a professional reply with no jokes, some mods have replied to these Whitehouse posts pretty unprofessionally. We should be inviting these opportunities to have more interaction and spreading of vital information, especially with Twitter's decline.",milton,milton
lr617ek,t3_1fzv4nw,t1_lr5oibr,florida,littleredd11_11,2024-10-09T22:53:03+00:00,4,"I should have expected the downvote. Totally not my choice. If I had my choice, they would be 100% indoor cats and sleeping in my beds with my dogs. But I live with my boomer parents (long story. Moved here in 2022 because ""Florida's cheap."" My mom did not do her research beforehand, and neither did I. But there were other reasons). I love the furry babies and wish I could keep them in here all the time, and I'm planning on taking them with me when I do move out.",milton,milton
lr61pej,t3_1fzv4nw,t1_lr60msa,florida,_dead_and_broken,2024-10-09T22:56:11+00:00,6,"Now it's cuddle puddle time!!!

![gif](giphy|uVL9KCnJDySzK)",milton,milton
lr62j9p,t3_1fzv4nw,t1_lr5decs,florida,UponAWhiteHorse,2024-10-09T23:01:21+00:00,3,"Coming from Asheville (half yall have houses up here) the misinformation is fucking dangerous. We have seen all sorts of shit about how we were abandoned and the fed was “destroying” supplies. Fight it, stamp it out, correct the narrative.

Good luck down there.",milton,milton
lr63qs7,t3_1fzv4nw,t1_lr61pej,florida,littleredd11_11,2024-10-09T23:09:06+00:00,3,"One of the cats wants to be bffs with one of the dogs. Dog wants nothing to do with that cat. Other cat wants nothing to do with the dogs. My other dog (who is 14, blind,  and has a heart murmur) wants to be bffs with the cats because he grew up with cats, they want nothing to do with him. So sadly, no love pile. Lol.",milton,milton
lr65ynu,t3_1fzv4nw,t1_lr60eho,florida,SuperfluousWingspan,2024-10-09T23:23:01+00:00,2,"Out of curiosity, are you actually a bot?",milton,milton
lr66e9b,t3_1fzv4nw,t1_lr65ynu,florida,neutralpoliticsbot,2024-10-09T23:25:42+00:00,2,we prefer the term Non-organic Intelligent Being,milton,milton
lr67473,t3_1fzv4nw,t1_lr5z7ej,florida,SuperfluousWingspan,2024-10-09T23:30:12+00:00,3,"By argument, I mean logical or rhetorical argument (i.e. a point to be made and its support).

In this sub, there are rules and restrictions related to political posts (and posts that aren't political, though our opinions may vary on what should count), so maybe you can find some solace in that.  If you browse reddit on a computer or a fancier unofficial reddit app, you might be able to filter out posts with political flairs.

Alternatively, you can block people who make political posts here.  I don't with any regularity, but I wouldn't mind one way or the other if you were to block me, for instance, if that makes you feel better about the idea of blocking people solely to filter content.",milton,milton
lr67cgs,t3_1fzv4nw,t1_lr5decs,florida,RetroScores3,2024-10-09T23:31:37+00:00,8,Don’t you mean “free speech?” /s,milton,milton
lr67tw6,t3_1fzv4nw,t1_lr5y7gv,florida,SuperfluousWingspan,2024-10-09T23:34:41+00:00,2,"Fair enough.  Personally, I think Florida politics are sufficiently related to Florida and Floridians, including where they intersect with national-level politics - especially with how various minority groups represented in Florida can unfortunately be used as political scapegoats and suffer discrimination and unnecessary regulation as a result.  There's enough people that want what you do that a no-politics Florida sub might do well enough to be worth it, if you'd like to look into joining or starting one.  Especially if it's about something else in particular, like Florida nature pics or some such (just Florida nature might run afoul of hurricane/climate change topics more than you'd like, maybe?).",milton,milton
lr67xiz,t3_1fzv4nw,t1_lr5yi9l,florida,RetroScores3,2024-10-09T23:35:19+00:00,2,Because republicans can’t be seen as giving democrats a “win” even though they work for all of us and should put all their power hungry feelings on the back burner during a disaster. But just like the 2020 election Republican officials are putting their parties power ahead of the country’s needs.,milton,milton
lr687j3,t3_1fzv4nw,t1_lr4qb0l,florida,OsawatomieJB,2024-10-09T23:37:03+00:00,1,I like you handle,milton,milton
lr68ajh,t3_1fzv4nw,t1_lr5fu24,florida,RetroScores3,2024-10-09T23:37:32+00:00,7,He’s so petty it’s insane people like that dude. He has no good personal qualities.,milton,milton
lr6ad8w,t3_1fzv4nw,t1_lr4s5nf,florida,Comicalacimoc,2024-10-09T23:50:15+00:00,3,This is it,milton,milton
lr6b7ab,t3_1fzv4nw,t1_lr4hkmo,florida,Comicalacimoc,2024-10-09T23:55:27+00:00,0,Vance just wrote a disinformation based op-Ed in the wsj,milton,milton
lr6b9jh,t3_1fzv4nw,t1_lr67xiz,florida,Comicalacimoc,2024-10-09T23:55:50+00:00,-1,"Yes, and treating democrats like foreigners :/",milton,milton
lr6c43b,t3_1fzv4nw,t3_1fzv4nw,florida,protomanEXE1995,2024-10-10T00:01:11+00:00,3,Glad we have a President and WH administration that gives a shit.,milton,milton
lr6c6kn,t3_1fzv4nw,t1_lr4az67,florida,CatusDadus,2024-10-10T00:01:37+00:00,0,"This is why I could never be the head of anything like this. You want to defame me and my organization only to then apply for benefits? Cool, I'll just relocate the funds to those who need it more",milton,milton
lr6dm97,t3_1fzv4nw,t1_lr63qs7,florida,_dead_and_broken,2024-10-10T00:10:40+00:00,1,"Aww, that's so sad! 😢 

Please cuddle the 14 yr old puppy for me! I want to give him all the love!",milton,milton
lr6hp71,t3_1fzv4nw,t1_lr4luf2,florida,ChargerRob,2024-10-10T00:36:07+00:00,1,"Yeah, they work in teams.",milton,milton
lr6il8x,t3_1fzv4nw,t1_lr5y7gv,florida,toastwithketchup,2024-10-10T00:41:39+00:00,1,What a sad existence. ,milton,milton
lr6j7sq,t3_1fzv4nw,t1_lr5fu24,florida,gabe840,2024-10-10T00:45:30+00:00,-2,"What do you mean silence from the media? I’ve heard this on CNN multiple times this week. There’s also a major hurricane hitting Florida as we speak, so maybe they’re not focusing as much on something Trump did or didn’t do 5 years ago",milton,milton
lr6k5za,t3_1fzv4nw,t3_1fzv4nw,florida,jar1967,2024-10-10T00:51:27+00:00,2,Now all we need is for congress to reconvene before January to allocate more money for disaster relief,milton,milton
lr6krua,t3_1fzv4nw,t1_lr4s5nf,florida,jar1967,2024-10-10T00:55:21+00:00,1,Those posters seem to be recirculating a lot of Russian talking points first seen the Maui wildfires.,milton,milton
lr6lp6b,t3_1fzv4nw,t3_1fzv4nw,florida,FloridaCelticFC,2024-10-10T01:01:13+00:00,0,I bet Ronnie White Boots won't like this.,milton,milton
lr6q6b2,t3_1fzv4nw,t1_lr5o4p3,florida,Downtown_Statement87,2024-10-10T01:30:08+00:00,3,"Apparently there are people who only care about their 401K (which is probably also still doing well).

It doesn't surprise me that some people's concerns are limited soley to how much money they themselves have. What does always surprise me is how eager they are to admit this to everyone, and how oblivious they are to how venal it makes them look, and what it says about their values.

""I don't care as long as I get as much money as I can"" is quite the principle to orient your life by. It's such an impoverished way to look at things, and makes me wonder if they have anyone who they are certain really loves them for anything other than what they can buy. It's a bankrupt way to live, I think.",milton,milton
lr6rho7,t3_1fzv4nw,t1_lr509rh,florida,Bekiala,2024-10-10T01:38:39+00:00,1,"I hope they do better this time too.

Was your house damaged or destroyed in Ian?",milton,milton
lr6rw9x,t3_1fzv4nw,t1_lr6rho7,florida,wahdatah,2024-10-10T01:41:17+00:00,5,Significant damage. Really curious as to why the downvotes.,milton,milton
lr6s9u2,t3_1fzv4nw,t1_lr5xtsr,florida,Bekiala,2024-10-10T01:43:43+00:00,2,"That is a reasonable thought.

I remember all the politicians believed Iraq had weapons of mass destruction.  They were never found.",milton,milton
lr6sull,t3_1fzv4nw,t3_1fzv4nw,florida,NotoriousFTG,2024-10-10T01:47:28+00:00,3,"There is a lady on the cruise ship we’re on right now in Halifax, Nova Scotia, who apparently lives in Sarasota and is pretty freaked out because there was nothing she could do to prepare her house in advance.",milton,milton
lr6vjp1,t3_1fzv4nw,t1_lr6rw9x,florida,Bekiala,2024-10-10T02:04:53+00:00,1,"I'm so sorry this happened to you.  It must have been tough to live through.

Did insurance cover the damage?

I",milton,milton
lr6y4g4,t3_1fzv4nw,t1_lr6vjp1,florida,wahdatah,2024-10-10T02:21:54+00:00,5,No. That was part of the problem. The estimates came in just under our hurricane deductible. We put in for a FEMA claim. FEMA inspector shows up unannounced 3 months after the storm. Spends a grand total of 45 seconds at our house says he isn’t allowed to come inside to look at the damage or climb on the roof to examine. He will “just take my word for it”. Two weeks later we receive a check in the mail for $300. Didn’t even cover the food we lost in our freezer. Others had much worse experiences. I heard other inspectors were teaching people how to rip off FEMA to get more money. I didn’t do that. I simply gave accurate information about our losses and they didn’t even cover close to any of it.,milton,milton
lr70jrf,t3_1fzv4nw,t1_lr6y4g4,florida,Bekiala,2024-10-10T02:38:19+00:00,1,"That so so sucks.  I would be pissed too.

I hope you are out of the path of Milton.",milton,milton
lr71qky,t3_1fzv4nw,t3_1fzv4nw,florida,Inspi,2024-10-10T02:46:29+00:00,0,"Does any of this really matter when or own governor is hellbent on killing us all? Just look at his constant refusals of help and fed money for Helene and the pandemic before that, not to mention his criminalization of enforcing masks and other protection during covid. ",milton,milton
lr78ck6,t3_1fzv4nw,t1_lr568w6,florida,PlanetZooSave,2024-10-10T03:34:42+00:00,5,"https://www.propublica.org/article/how-the-red-cross-raised-half-a-billion-dollars-for-haiti-and-built-6-homes

The Red Cross has been pretty ineffective at anything besides immediate triage and aid, yet they've tried to grow as an organization. Maybe they have reined in their ambitions, but it definitely hasn't given them a great image.",milton,milton
lr7agi8,t3_1fzv4nw,t1_lr5kwym,florida,RichHomiesSwan,2024-10-10T03:51:08+00:00,1,Wacky Willy inflatable tube man!,milton,milton
lr7ail4,t3_1fzv4nw,t1_lr4ccqw,florida,Diligent-Version8283,2024-10-10T03:51:37+00:00,3,"Man, I wish the government would do this more. Taking an active role in disarming misinformation is a really good step. 

Thank you.",milton,milton
lr7c4vo,t3_1fzv4nw,t1_lr4ccqw,florida,BoringApocalyptos,2024-10-10T04:04:48+00:00,2,"Thanks for verifying! I would have never believed my account had  more karma, but glad they’re here!",milton,milton
lr7iqrp,t3_1fzv4nw,t1_lr43ca6,florida,BusStopKnifeFight,2024-10-10T05:02:23+00:00,9,Zone map: https://floridadisaster.maps.arcgis.com/apps/instant/lookup/index.html?appid=aa18a2d8737c4d66bb6434a09e17203a,milton,milton
lr83qen,t3_1fzv4nw,t1_lr6k5za,florida,AdrianInLimbo,2024-10-10T08:54:05+00:00,1,If they don't simply vote it down....again,milton,milton
lr8c8yg,t3_1fzv4nw,t1_lr4swgl,florida,GordoPepe,2024-10-10T10:31:03+00:00,2,And yet Republicans will say Biden administration is making this disaster a political move and that Democrats control the weather with space lasers or similar outrageous verbal diarrhea,milton,milton
lr8tvl1,t3_1fzv4nw,t1_lr4ccqw,florida,2053_Traveler,2024-10-10T12:55:58+00:00,2,"This is great, thanks. Important to focus on making sure that folks impacted by these hurricanes know what help is available and how to get it. Even one person who needs help being misled by misinformation is too much. Come on social media, they’ve already had to deal with a natural disaster! Let’s not make it worse!",milton,milton
lr8v0ao,t3_1fzv4nw,t1_lr5decs,florida,Frequent_Hair_6967,2024-10-10T13:03:34+00:00,3,"Frankly idk why they werent posting on reddit prior to this, but still a good call to do it now",milton,milton
lr96c3z,t3_1fzv4nw,t1_lr6rw9x,florida,the1TheyCall1845TwU,2024-10-10T14:14:29+00:00,3,"For what it's worth, I upvoted your comment",milton,milton
lr96pe4,t3_1fzv4nw,t1_lr4pcxw,florida,the1TheyCall1845TwU,2024-10-10T14:16:36+00:00,1,Please provide resources for your claims. This is counter to any knowledge I have about Covid and masks. Looking forward to the facts.,milton,milton
lr96vkp,t3_1fzv4nw,t1_lr4opb1,florida,the1TheyCall1845TwU,2024-10-10T14:17:36+00:00,1,Harris is a bad ass who will make America great again and not even brag about it. 💪,milton,milton
lr97cau,t3_1fzv4nw,t1_lr96c3z,florida,wahdatah,2024-10-10T14:20:17+00:00,3,Appreciate it. I really do t understand why anyone would downvote anything I said.,milton,milton
lr9aq20,t3_1fzv4nw,t1_lr97cau,florida,the1TheyCall1845TwU,2024-10-10T14:39:28+00:00,2,Because they perceive it as a slight to their candidate.,milton,milton
lr9qyfx,t3_1fzv4nw,t1_lr96vkp,florida,-ItsWahl-,2024-10-10T16:09:07+00:00,1,Guess we’ll see,milton,milton
lrae2u2,t3_1fzv4nw,t1_lr78ck6,florida,Economy-Mango7875,2024-10-10T18:13:35+00:00,1,My wife worked for them 15 years ago and you hit the nail on the head. They help immediately but don't think ahead. They know it's hurricane season but wait untill the supply runs out before they act. I used to donate but was told I couldn't after chemo or if be laying on the slab next to everyone else,milton,milton
lrb0nhw,t3_1fzv4nw,t1_lr9aq20,florida,wahdatah,2024-10-10T20:14:23+00:00,2,That’s sad but probably true. I never said anything political. I just described the situation.,milton,milton
lrbhojv,t3_1fzv4nw,t3_1fzv4nw,florida,Ok-Cauliflower-3129,2024-10-10T21:47:34+00:00,1,"You know it would really help people who are disabled and get food stamps to be able to access their benefits early.

Two back to back kinda hits hard.
Changes the meal preps.",milton,milton
lrbk13k,t3_1fzv4nw,t3_1fzv4nw,florida,AutoModerator,2024-10-10T22:01:29+00:00,1,"
Please note that only active users in the subreddit may comment in this discussion. If your comments are not showing up, please ensure you have active non-news/non-political contributions to the subreddit before contacting the moderators.

 [See our posting guidelines for more information.](https://www.reddit.com/r/florida/wiki/index/political_guidelines/)

**Remember the following:**

**Be Civil:**

* You are welcome to debate, discussion, and argue ideas, but don't resort to personal attacks on other users. 
* We do not allow any form of hate speech or any suggestion/support of harm, violence, or death.

**Must be related strictly to Florida:**

* National News/Elections are not specific to Florida. 
* Just because someone lives in Florida, doesn't mean their entire life is relevant to Floridians. 

If you see comments in violation of our rules, please report them.

#[Click this link to register to vote, update your voter information, or check your status.](https://registertovoteflorida.gov/)


*I am a bot, and this action was performed automatically. Please [contact the moderators of this subreddit](/message/compose/?to=/r/florida) if you have any questions or concerns.*",milton,milton
lrblflt,t3_1fzv4nw,t1_lr8v0ao,florida,Basic_Quantity_9430,2024-10-10T22:10:02+00:00,1,"They were trying X mostly.  But we know that since Musk took over, the former Twitter has become trash that is overrun by misinformation.",milton,milton
lrc4mxa,t3_1fzv4nw,t1_lr6j7sq,florida,Basic_Quantity_9430,2024-10-11T00:10:39+00:00,1,"Given the claims that Trump is making and how he and his surrogate are actively trying to sabotage efforts to deal with recovery from one storm (now two storms) and facing the next storm, how Trump behaved as President should be shouted every-time he opens his mouth to say something about a disaster - in fact every story where he makes a claim about disaster efforts should have a detailed account of how he routinely failed and was political when facing a disaster or a pandemic - the media totally is not doing that.",milton,milton
lrc62kp,t3_1fzv4nw,t1_lr68ajh,florida,Basic_Quantity_9430,2024-10-11T00:19:39+00:00,1,Looks like he never has.  The number of people that he has stiffed and then bullied with the threat of legal action could likely fill a small city.  Many people have a warped sense of what a hero is these days.,milton,milton
lrc7iy7,t3_1fzv4nw,t1_lr5ydg2,florida,Basic_Quantity_9430,2024-10-11T00:28:39+00:00,1,"Don’t worry about down votes when you are telling the truth.  The down votes says a lot  more negative stuff about the person who down voted you, than it should impact you in any way.",milton,milton
lrc7tz6,t3_1fzv4nw,t1_lr5hpn4,florida,Basic_Quantity_9430,2024-10-11T00:30:31+00:00,2,Some idiot down voted you.  Rejoice in witnessing their cold fear of the truth.,milton,milton
lrdojfr,t3_1fzv4nw,t3_1fzv4nw,florida,Fearless-Stranger-72,2024-10-11T07:29:53+00:00,1,"Still waiting on my Helene app to be done, and the closets fema site isn2.5 hours away…

Good Job Uncle Sam ",milton,milton
lrp9vi9,t3_1fzv4nw,t3_1fzv4nw,florida,thejustducky1,2024-10-13T10:48:40+00:00,1,"Hey!  I just saw [this thread](https://www.reddit.com/r/assholedesign/comments/1g2bo5b/the_way_florida_republicans_wrote_the_ballot_for/) and thought it was total bullshit.  

How about an Executive Order or at least a campaign to raise awareness and hopefully make this illegal.  People need to know exactly what they are voting for IN PLAIN ENGLISH that laymen can understand, WITHOUT being prodded to vote one way or the other.",milton,milton
lrky5wk,t3_1g236sq,t3_1g236sq,florida,AutoModerator,2024-10-12T15:55:48+00:00,1,"
Your [submission](https://www.reddit.com/r/florida/comments/1g236sq/update_on_the_bidenharris_administrations/) has been removed from r/Florida. 

**All News/Political posts must link to a credible news source.** 

* No text posts.
* No images. 
* No Videos
* No screenshots of tweets/facebook/truth/etc posts. 
* No Political Memes. 
* No Crossposts.

[Please see our posting guidelines for more information.](https://www.reddit.com/r/florida/wiki/index/political_guidelines/)

If you believe this post was filtered in error, please let us know.


*I am a bot, and this action was performed automatically. Please [contact the moderators of this subreddit](/message/compose/?to=/r/florida) if you have any questions or concerns.*",milton,milton
lrl6wq8,t3_1g236sq,t3_1g236sq,florida,heathersaur,2024-10-12T16:45:30+00:00,1,"# Reminders

**From FEMA:**

>If you have insurance, you should file a claim with your insurance company immediately. FEMA assistance cannot help with losses already covered by insurance. Learn more about the [steps after applying for assistance](https://www.fema.gov/assistance/individual/program/road-to-recovery).

**From the Subreddit:**

>**Be Civil**: r/Florida values respectful and responsible discourse. Name-calling, gatekeeping, sexist, racist, transphobic, bigoted, trolling, unproductive, or overly rude behavior is not permitted. Treat others respectfully; if you can't, post elsewhere.",milton,milton
lrlvsg5,t3_1g236sq,t3_1g236sq,florida,Ybor_Rooster,2024-10-12T19:01:51+00:00,20,Does the assistance help for missed income? ,milton,milton
lrlwquj,t3_1g236sq,t3_1g236sq,florida,HockeyRules9186,2024-10-12T19:07:14+00:00,5,That would probably be a state thing you’d need the GOP to open up the system for more than one person at a time.,milton,milton
lrm0obf,t3_1g236sq,t1_lrlvsg5,florida,jessness024,2024-10-12T19:29:18+00:00,9,"Given that some people came home to their entire house completely destroyed, lost everything they own, and have no food and water, I highly doubt it.",milton,milton
lrm1arh,t3_1g236sq,t1_lrm0obf,florida,Ybor_Rooster,2024-10-12T19:32:56+00:00,17,Same thing but with my source income. To include losing my food and water. Thanks!,milton,milton
lrm4wpd,t3_1g236sq,t1_lrm1arh,florida,Girafferage,2024-10-12T19:53:55+00:00,8,It may. Worth checking.,milton,milton
lrnat42,t3_1g236sq,t3_1g236sq,florida,Far_Entertainer2365,2024-10-13T00:13:42+00:00,3,My parents lost everything in coastal manatee county during Helene they got about 20k.,milton,milton
lrng2ri,t3_1g236sq,t3_1g236sq,florida,Trikeree,2024-10-13T00:48:07+00:00,-36,"Good luck being approved for anything.

In desperate need and turned away by Fema.

This administration has zero care for its people.",milton,milton
lrnnnie,t3_1g236sq,t1_lrlvsg5,florida,Genshi731,2024-10-13T01:39:37+00:00,4,"I think there is a question on the application about it. At least under the childcare cost portion, it asks if childcare costs are the same, but income is less due to the disaster.",milton,milton
lrnsdts,t3_1g236sq,t3_1g236sq,florida,faderjockey,2024-10-13T02:12:14+00:00,14,I'm curious: why the delay on the request for a disaster declaration?  Was it about damage assessment?  Was there a threshold that needed to be met before a request to the President could be made?  Why wait until Friday to ask for assistance?,milton,milton
lrnxq87,t3_1g236sq,t1_lrnsdts,florida,bandix01,2024-10-13T02:49:26+00:00,60,"You need to talk to the folks in Tally.  The Feds have just been waiting for Florida to ask for whatever it wants. They don't care and will send whatever the hell Tally asks for.  But they have to ask for it.  It's up to Tally and the folks ""we"" elected.  Tally can burn for all I care.",milton,milton
lrnxsjn,t3_1g236sq,t1_lrng2ri,florida,Hairy_Combination586,2024-10-13T02:49:53+00:00,6,"Keep checking. Several people in NC reported initial rejections, followed a day or 2 later by approval.",milton,milton
lro0lmm,t3_1g236sq,t1_lrng2ri,florida,gardendesgnr,2024-10-13T03:09:36+00:00,7,"In 2004 I had $86,000 in damages that Nationwide would not even let me apply for a claim b/c it was over 3 hurricanes (roof, breakerboard, irr pump, fencing, windows, garage doors). FL laws were changed since then about multiple hurricanes in one season. I could not get anything from FEMA under the Republicon admin of Bush so THAT was Bush's fault???? I had no idea I should have been whining about that all these 20 years!!! I just pulled up my bootstraps and paid it myself over time 💪🏼",milton,milton
lro1awd,t3_1g236sq,t1_lrnsdts,florida,LingeringDildo,2024-10-13T03:14:47+00:00,11,"Tallahassee hates the people of Florida, so they sat on sending the request for assistance.",milton,milton
lroarj5,t3_1g236sq,t3_1g236sq,florida,robbycough,2024-10-13T04:29:35+00:00,2,Mr. Go Go Boots is now taking Biden's calls and taking fed money?,milton,milton
lrobun3,t3_1g236sq,t1_lrnsdts,florida,bw1985,2024-10-13T04:39:02+00:00,4,Likely political games by the governor because that’s his schtick. 🤡,milton,milton
lroclm9,t3_1g236sq,t1_lrnsdts,florida,florida_goat,2024-10-13T04:45:36+00:00,9,"The state waits for local declaration. Yes, this includes damage assessments and federal aid thresholds. The assumption is already there and FEMA has a FCO working the backend. Everything else is just catching up to what they already know. Most localities already have their EOP's ready. Vendors already identified and awarded contracts for recovery efforts. Most of that will be recorded and submitted later to FEMA for reimbursement. Thats already in place long before a storm hits. 

The State can go ahead without it but they assume some responsibilities that they are not equip to handle. Then it becomes complicated handing it back over to county EM's and municipalities. It is extremely important that localities provide input because they're the ones ultimately requesting federal aid. They know their areas better than the state and the states emergency management mission is much different than a county or municipality. This has nothing to do with incompetency. FDEM and local leaders know the drill and these things take time.",milton,milton
lroctvq,t3_1g236sq,t1_lro1awd,florida,florida_goat,2024-10-13T04:47:37+00:00,-14,"If you do not have anything of value to add to this conversation, please exercise restraint and don't post. There are thousands of good people working at all levels on this. Most of which have decades of experience. Nobody is fucking anything up so just stop with the nonsense.",milton,milton
lroczqv,t3_1g236sq,t1_lrnxq87,florida,florida_goat,2024-10-13T04:49:04+00:00,-15,"If you don't know how disaster management works, don't post. Nothing you said here is accurate or true.",milton,milton
lrodrem,t3_1g236sq,t3_1g236sq,florida,Cultural_Actuary_994,2024-10-13T04:55:46+00:00,-11,Native Americans.  Indians come from the Asian sub continent,milton,milton
lrogadv,t3_1g236sq,t1_lrodrem,florida,TACnyc,2024-10-13T05:19:04+00:00,14,That’s the official name of the tribe. https://en.m.wikipedia.org/wiki/Miccosukee,milton,milton
lrougyd,t3_1g236sq,t1_lrnat42,florida,astros148,2024-10-13T07:50:46+00:00,18,Fema isn't a substitute for house insurance,milton,milton
lrpa7ku,t3_1g236sq,t3_1g236sq,florida,dandydaylove,2024-10-13T10:52:21+00:00,3,St Pete needs help with their plumbing,milton,milton
lrpzzjz,t3_1g236sq,t1_lroclm9,florida,caveatlector73,2024-10-13T14:16:35+00:00,4,"I was going to ask you to elaborate. Thanks so much for doing so. 

Coming in to the election this may impact the process as well depending. 

[https://www.theguardian.com/us-news/2024/oct/13/trump-disaster-funding-warning](https://www.theguardian.com/us-news/2024/oct/13/trump-disaster-funding-warning)",milton,milton
lrq3fhx,t3_1g236sq,t1_lroczqv,florida,antigravcorgi,2024-10-13T14:37:02+00:00,1,Feel free to post correct or more accurate information right?,milton,milton
lrq60ft,t3_1g236sq,t1_lrnsdts,florida,MRToddMartin,2024-10-13T14:51:56+00:00,2,It was bc Deathsantis was waiting for trumps hand to puppeteer him into what to say.,milton,milton
lrqcv39,t3_1g236sq,t1_lroclm9,florida,faderjockey,2024-10-13T15:30:52+00:00,3,"Thank you for such a reasonable and informed
answer.",milton,milton
lrrydxu,t3_1g236sq,t1_lroctvq,florida,GWS2004,2024-10-13T20:39:28+00:00,2,"You refute, but don't show proof.",milton,milton
lrvlb3q,t3_1g236sq,t1_lrpzzjz,florida,Kashin02,2024-10-14T14:05:19+00:00,7,"It's worse than holding aid, the plan is to cut back FEMA and let people and their insurance handle disaster aid.
Check out project 2025 and FEMA.",milton,milton
lrvmdhi,t3_1g236sq,t1_lrvlxef,florida,Kashin02,2024-10-14T14:11:41+00:00,2,"Thanks, though I'm not sure if you meant to post snopes to back me up?",milton,milton
lrvnrp7,t3_1g236sq,t1_lrvmdhi,florida,caveatlector73,2024-10-14T14:19:53+00:00,1,"Yes. I like their ""just the facts"" style. Brief and concise.",milton,milton
lrvoimr,t3_1g236sq,t1_lrvnrp7,florida,Kashin02,2024-10-14T14:24:11+00:00,1,"True but for this one not sure I agree with them entirely.
Yes project 2025 calls for majors cuts to FEMA and while that's not the same as getting rid of the department.
Getting rid of FEMA the aid to states is basically the same thing as getting rid of the department.
It's like having a baseball team that doesn't play.
The team exists, in name only.",milton,milton
lrvp063,t3_1g236sq,t1_lrvoimr,florida,caveatlector73,2024-10-14T14:26:58+00:00,3,"Fair point. Project 2025 would also eliminate other adjacent departments. Like NOAA so that the founder of Accuweather, Joel Meyers, can get the big $$$.",milton,milton
lrwfdxd,t3_1g236sq,t1_lrnxq87,florida,chippyshouseparty,2024-10-14T16:49:35+00:00,1,"Jesus Christ man, I don't like the state government either, but Tallahassee is about as liberal of a city as you're gonna get in Florida outside of Orlando. Yeah the state government sucks, but the whole state put them there, not just Tallahassee. Don't burn it down and hurt the people that live there.

Source: i live there!",milton,milton
lrwgoy3,t3_1g236sq,t1_lrwfdxd,florida,Psyduck46,2024-10-14T16:56:20+00:00,2,"Tallahassee is, the legislature and governor are not.",milton,milton
lrwuhhu,t3_1g236sq,t1_lrwfdxd,florida,SchmearDaBagel,2024-10-14T18:07:52+00:00,1,"They’re clearly taking about the state house and senate located in Tally, which aren’t liberal. 

They’re not out there in Tally outside a Publix polling local citizens to see if the rest of the state should get aid lmao",milton,milton
lrxc70q,t3_1g236sq,t1_lrwgoy3,florida,chippyshouseparty,2024-10-14T19:40:48+00:00,2,"i mean yeah i figured, i just hate when people do that because it gives tally a bad reputation. in reality it's an up and coming midsized city that's fairly progressive.",milton,milton
lrxyfdo,t3_1g236sq,t1_lrnsdts,florida,Dustyvhbitch,2024-10-14T21:37:40+00:00,1,"I had thought representatives for Florida have voted against, and straight up denied federal funding in the past. I may be wrong here, please enlighten me if I am.",milton,milton
lryazyv,t3_1g236sq,t1_lrnsdts,florida,VulfSki,2024-10-14T22:52:33+00:00,2,Id guess it has something to do with Ron holding press conferences about how he was in control and not FEMA,milton,milton
lryb9k1,t3_1g236sq,t1_lrnat42,florida,VulfSki,2024-10-14T22:54:12+00:00,1,Wow I am surprised it's that much! FEMA really paying out.,milton,milton
ls1kn8c,t3_1g236sq,t1_lrxyfdo,florida,Corey307,2024-10-15T14:29:39+00:00,1,"You aren’t wrong. All the Republicans in congress voted against disaster relief just before Helene. Then they tell their constituents that the federal government is failing them when the federal government has boots on the ground trying to rebuild their lives. 

The insanity isn’t just confined to red states either. We had catastrophic flooding the last two years in Vermont that damaged homes, businesses and wiped out farms. Accounts from people and local subreddits attest that the government helped them rebuild. But FEMA had to bring in security because crazy locals were harassing them and some were armed. Trying to “audit” them and get inside of FEMA trailers used for storage and workers. 

The GOP goes out of its way to make the common person distrust and hate the people working hard and for not a lot of money to help them rebuild their lives. FEMA personnel aren’t sleeping at four star hotels in disaster zones, they’re sleeping on the floor don’t even have cots. Pretty much all federal employees have been extended the offer to apply to the surge capacity forced to go down and help in whatever capacity they can but the warning is it’s going to be extremely rough living conditions. People sleep on the floor so that money for rebuilding isn’t wasted and armed people threaten them.",milton,milton
ls29n6m,t3_1g236sq,t3_1g236sq,florida,AutoModerator,2024-10-15T16:44:35+00:00,1,"
Please note that only active users in the subreddit may comment in this discussion. If your comments are not showing up, please ensure you have active non-news/non-political contributions to the subreddit before contacting the moderators.

 [See our posting guidelines for more information.](https://www.reddit.com/r/florida/wiki/index/political_guidelines/)

**Remember the following:**

**Be Civil:**

* You are welcome to debate, discussion, and argue ideas, but don't resort to personal attacks on other users. 
* We do not allow any form of hate speech or any suggestion/support of harm, violence, or death.

**Must be related strictly to Florida:**

* National News/Elections are not specific to Florida. 
* Just because someone lives in Florida, doesn't mean their entire life is relevant to Floridians. 

If you see comments in violation of our rules, please report them.

#[Click this link to register to vote, update your voter information, or check your status.](https://registertovoteflorida.gov/)


*I am a bot, and this action was performed automatically. Please [contact the moderators of this subreddit](/message/compose/?to=/r/florida) if you have any questions or concerns.*",milton,milton
ls33ree,t3_1g236sq,t1_lrm1arh,florida,jessness024,2024-10-15T19:21:53+00:00,1,I challenge you to think of this sans main character syndrome. Understand that this was not a matter of trying to insult or minimize your hardship but make you understand that FEMA's first goal is to keep people alive.,milton,milton
ls5g2tr,t3_1g236sq,t1_lrxyfdo,florida,Lanky_Quail3248,2024-10-16T03:56:11+00:00,1,I have lived in FL for 30 years.  The state has never not requested FEMA or Fed Govt support.  I'm not saying its right or wrong just saying.,milton,milton
ls6eodl,t3_1g236sq,t1_lrxyfdo,florida,cosmicrae,2024-10-16T09:59:02+00:00,1,"Certain members of congress, primarily GOP, voted against increasing funding to FEMA. That happened just before Milton came in for a visit.",milton,milton
