id,subreddit,author,created_utc,created_date,num_comments,score,title,selftext,hurricane,source_type,keyword_hit
1fn8wki,sarasota,mindyluuuu,1727054274,2024-09-23 01:17,15,0,Where's the Biker community at ,I have a sports bike and man am I lonely out on these streets. Only the occasional harley that 9/10 times doesn't wave back! ,helene,community_discussion,
1fn9d0l,sarasota,manster27,1727055724,2024-09-23 01:42,0,1,Sunday Tonight 9/22 ,Any lively bars the group recommends to go to on a Sunday? First time here and wanted to explore the city!,helene,community_discussion,
1fn9yia,sarasota,Beanpodpea,1727057631,2024-09-23 02:13,9,1,Sarasota/Bradenton Vet !!!,Desperately looking for a trustworthy and knowledgeable vet in the local area - my pup is suffering from some sort of growth on her muzzle. Please help! Thank you in advance! ,helene,community_discussion,
1fnbzs7,sarasota,PasswordABC123XYZ,1727064541,2024-09-23 04:09,6,5,Where to get a piece of pipe threaded?,I have a piece of brass pipe that needs threaded.  It is part of a music stand.  I've called several plumbing companies and they are not interested.  I also called several machine shops.  Again the response was no.   Any recommendations on where to try next?,helene,community_discussion,
1fnm4wl,sarasota,CivilizedGuy123,1727102606,2024-09-23 14:43,38,12,Trump Said He Wouldn’t Sell DJT Stock When the Lockup Expired. Is That Legally Binding?,Trump Media Technology Group is Headquartered in Sarasota. ,helene,community_discussion,
1fnm8k6,sarasota,Mother_Earth_420,1727102870,2024-09-23 14:47,0,0,Voter Registration Deadline - October 7!,,helene,community_discussion,
1fnmto0,sarasota,mrtoddw,1727104339,2024-09-23 15:12,5,9,Potential Tropical Cyclone NINE/Storm Helene,"https://preview.redd.it/tt4t8hxurkqd1.png?width=897&format=png&auto=webp&s=42326aac9cf9da46f202f444909e83aaa7679f63





09/23/24 11:00AM

**CURRENT STATUS:** Invest Site

Location: 17.2°N 81.8°W

Maximum Winds: 28 MPH  Gusts: n/a MPH

Minimum Central Pressure: 1004 mb

Environmental Pressure: n/a

Radius of Circulation: n/a

Radius of Maximum Wind: 138 miles",helene,community_discussion,storm|helene
1fnn0jf,sarasota,tcboyle93,1727104818,2024-09-23 15:20,34,102,Developers in Sarasota:,,helene,community_discussion,
1fnognh,sarasota,SarasotaBREW,1727108379,2024-09-23 16:19,9,36,Bike riding on the legacy trail. ,,helene,community_discussion,
1fnoj2i,sarasota,Nice_Butterfly2091,1727108547,2024-09-23 16:22,0,1,Looking for OB to deliver 1st baby ,[removed],helene,community_discussion,
1fnpbr8,sarasota,Aggravating-Bike6133,1727110519,2024-09-23 16:55,16,4,Looking for OB to deliver first baby ,Hi! Posted a few days ago about LWR hospital VS SMH for delivering. I’m trying to switch to SMH so now I’m looking for recommendations on an OB for delivering my first baby :) Overwhelming switching / finding someone new so thanks in advance! 💕,helene,community_discussion,
1fnphiz,sarasota,DrLeoMarvin,1727110902,2024-09-23 17:01,27,73,"Some dead fish on longboat this weekend, some red tide samples coming back positive, it was inevitable after watching them dump human shit into the manatee river and our bay because our infrastructure is so terrible we can't handle heavy rains.","its only going to get worse over the next few weeks/months  
[https://myfwc.maps.arcgis.com/apps/View/index.html?appid=87162eec3eb846218cec711d16462a72](https://myfwc.maps.arcgis.com/apps/View/index.html?appid=87162eec3eb846218cec711d16462a72)",helene,community_discussion,
1fnpjzf,sarasota,putzfactor,1727111058,2024-09-23 17:04,19,9,Bluegrass anyone?,"
Where is bluegrass music happening in Sarasota? I’ll show up to play, or just listen.",helene,community_discussion,
1fnqz9c,sarasota,engineheader,1727114529,2024-09-23 18:02,17,32,Get ready for more flooding,,helene,community_discussion,
1fnqzcr,sarasota,cossiewill,1727114536,2024-09-23 18:02,24,159,"I thought someone had swiped my recycle bin, then realized it was the recycle truck that had just made it magically disappear. ",,helene,community_discussion,
1fnsopl,sarasota,Dillo5519,1727118723,2024-09-23 19:12,10,0,"4 24/25 year old guys from the UK coming to the area for a golf trip, any recommendations of things to do whilst here? Any help much appreciated! ",,helene,community_discussion,
1fnuzab,sarasota,Ok-Sun7219,1727124435,2024-09-23 20:47,15,0,Does anybody know what’s happening with this storm,just wondering ,helene,community_discussion,storm
1fnwm2i,sarasota,MotherTheresas_Minge,1727128670,2024-09-23 21:57,5,84,Dolphin at the Ringling museum. ,I love the wildlife here. ,helene,community_discussion,
1fnxga9,sarasota,SyllabubMost1190,1727130947,2024-09-23 22:35,0,1,[mf4m] Bbw Latina wife wants to try a big dick (Bradenton Area),,helene,community_discussion,
1fny6f2,sarasota,SeirraS9,1727132966,2024-09-23 23:09,20,187,Gorgeous bioluminescence on Siesta Key 9/20/24,,helene,community_discussion,
1fo47e9,sarasota,SyllabubMost1190,1727151873,2024-09-24 04:24,0,1,"[mf4m] [Bradenton,FL] BBW Latina wife wants to try another big dick ",,helene,community_discussion,
1fo4bva,sarasota,devdev87,1727152352,2024-09-24 04:32,2,1,Looking for a one bedroom apartment ,[removed],helene,community_discussion,
1fo89i0,sarasota,Boomshtick414,1727169561,2024-09-24 09:19,89,117,Hurricane Watch,,helene,community_discussion,hurricane
1fo9297,sarasota,thebutler32,1727173126,2024-09-24 10:18,0,1,Out And About Sarasota at RONC Donuts,,helene,community_discussion,
1fobiyg,sarasota,AnticrombieTop,1727181721,2024-09-24 12:42,15,22,"Sarasota County Schools to be closed tomorrow, 9/25. ",,helene,community_discussion,
1foclht,sarasota,RealRedditUser4545,1727184790,2024-09-24 13:33,13,0,Dubái chocolate bar,Where can I find the Dubai chocolate bar (Kunafa) around Sarasota area??,helene,community_discussion,
1fodca8,sarasota,kim_felene_vodka,1727186773,2024-09-24 14:06,0,1,Felene Vodka,[removed],helene,community_discussion,
1fofsa5,sarasota,Mother_Earth_420,1727193010,2024-09-24 15:50,16,54,"EMERGENCY FOSTERS NEEDED AT SUNCOAST HUMANE SOCIETY in Englewood ❤️🚨⚡ 🌊HURRICANE HELENE is on the way and we are looking to have EVERY ANIMAL 🐶😺🐰 in a home 🏠 for the next couple of days as the storm passes!! ❤️We provide food and supplies!! ❤️ Dogs, Cats, Puppies, Kittens, and Bunnies! ","PICK UP TODAY Tuesday or TOMORROW Wednesday anytime 

Can you help us? 🙏🙏🙏

Please call or text me if you have any questions or need help finding who could work in your home! 

941-894-4071",helene,community_discussion,hurricane|storm|helene
1fog3n0,sarasota,PaulfromChicago,1727193800,2024-09-24 16:03,4,41,"Pro tip - quick dam flood bags, saved me during our last flood. Easy to store, lightweight, and re-usable.",,helene,community_discussion,flood
1foljtz,sarasota,Boomshtick414,1727207290,2024-09-24 19:48,0,10,"Tropical Tidbits for Tuesday, 24 September: Helene Expected to Impact Florida as a Significant Hurricane",,helene,community_discussion,hurricane|helene
1fop0gd,sarasota,plankton250,1727216208,2024-09-24 22:16,34,14,Potentially considering relocating?,"I do want to say I find Sarasota very beautiful but I am considering relocating. This is not to downtalk Sarasota but to get input and advice. I have been here for about four years but I dont feel there is much to keep me here. I am a male in my late 20s and I find the dating scene horrid. I do not feel there is much to really do. Lack of very good employment opportunities? Then there is the heat and humidity and cost of living but that kind of is a Florida thing. Again do not get me wrong Sarasota is super pretty and has lots of pros, but is it just me? If you are in your late 20s is this the place to be for career or dating or best amenities for someone in my age bracket? Thank you!",helene,community_discussion,
1foputk,sarasota,i_heart_kermit,1727218626,2024-09-24 22:57,35,32,Meat rant (positive),"I've been shopping at Southern Steer on Bee Ridge for a little while and finally decided to try their steak tips aka tri tips.  How rare is it to find a butcher that will properly trim and prepare this piece of meat???  They are so amazingly tender and there are multiple marinades you can also choose.  22.99/lb for amazing, tender, flavorful top quality meat.  Definitely give them your business. ",helene,community_discussion,
1foqeht,sarasota,GuavaOdd1975,1727220131,2024-09-24 23:22,4,76,Just me and the birds on the beach here on Longboat Key ahead of TS Helene. ,,helene,community_discussion,helene
1fot3j6,sarasota,AnticrombieTop,1727228272,2024-09-25 01:37,2,4,No Bioluminescence at Siesta or Lido tonight. Any other reports?,,helene,community_discussion,
1fotbwo,sarasota,gbaby32,1727228975,2024-09-25 01:49,3,0,Ellenton Mobile Home Evacuation?,,helene,community_discussion,
1fov757,sarasota,gunzrcool,1727234909,2024-09-25 03:28,82,50,"What are some underground or not well known ""communities"" around Sarasota?",Is there a cool scene you're a part of? Know a guy who knows a guy? Let's learn something unique or quirky about the people who call this place home.,helene,community_discussion,
1fp2erc,sarasota,Regular_Shower_3536,1727264785,2024-09-25 11:46,7,3,Oktoberfest?!,Is anywhere near us known for their Oktoberfest celebrations? Even if not directly in Sarasota,helene,community_discussion,
1fp3hs7,sarasota,SomeRelief7892,1727268166,2024-09-25 12:42,3,1,Laurel Meadows Flooding with Hurricane Helene,"This is mainly for residents of Laurel Meadows or any other communities that faced flooding during hurricane Debby.

Does anyone know what we should expect from Helene? I feel like the county has yet to give a proper explanation as to why the flooding happened almost 2 months ago. It turns my stomach every time it rains, and I’m just worried all of this progress and money we’ve put in since the flood will go down the drain if it floods again.

Has the county said anything about prevention and what will come of this hurricane?",helene,community_discussion,hurricane|flood|helene
1fp41zp,sarasota,randoredditor1,1727269777,2024-09-25 13:09,0,1,Apartment hunting... in the aftermath ,[removed],helene,community_discussion,
1fp481s,sarasota,Chickennuggetmofo,1727270261,2024-09-25 13:17,83,16,Storm,"Helpp im new to the area and im highkey freaking out about the storm. 

I rarely get worried about this stuff because I used to live up north where I dealt with blizzards and ice storms, but never a hurricane of this degree . I know that maybe some people will feel like you're fine. Don't worry about it, but when I have a gut feelings, such as this, I can't stop but freak out.",helene,community_discussion,hurricane|storm
1fp4vt5,sarasota,randoredditor1,1727272088,2024-09-25 13:48,22,0,Will be in area immediately after hurricane... what can I expect?,[removed],helene,community_discussion,hurricane
1fp5zu0,sarasota,IUVert,1727275018,2024-09-25 14:36,4,1,Pumpkin Patch,Does anyone happen to know of any pumpkin patches that operate in the Sarasota area near holloween? ,helene,community_discussion,
1fp60in,sarasota,someoneinabush,1727275064,2024-09-25 14:37,39,3,Looking for a nice restaurant to celebrate,I want to take my wife to a nice restaurant to celebrate. No budget. What are y’all’s recommendations? ,helene,community_discussion,
1fp66w4,sarasota,Fit-Fix-6373,1727275512,2024-09-25 14:45,9,0,Hurricane party!!!,"Is everyone ready to get flooded out again?! 
I hope your new house in your new development gets water damage and if you think that’s mean then I’m talking to you.
Let’s see how the city drains this time.",helene,community_discussion,hurricane
1fp6g34,sarasota,sarasota_plant_mom,1727276154,2024-09-25 14:55,12,23,manatee county evacuation lookup tool is down,"FFS. manatee county is sending emergency alerts out for mandatory evacuation of A and recommended for B, but the evacuation zone lookup tool is down. this is inexcusable.

i know my own evacuation zone, and was looking up for others to coordinate resources for people at risk. 

for any non-technical folks, “vendor issue” is corporate code for “we didnt do the due diligence and disaster recovery planning to allow for high levels of site traffic, such as when we start paging everyones devices with emergency alerts and directing them to our website.”

completely irresponsible. ",helene,community_discussion,
1fp85ja,sarasota,Salt-Fly770,1727280350,2024-09-25 16:05,0,5,Evacuation Centers/Shelters to Open,,helene,community_discussion,
1fpab1w,sarasota,Warm_Parsley_6595,1727285661,2024-09-25 17:34,31,0,Will the flooding be bad tonight/tomorrow?,I’m supposed to work.,helene,community_discussion,
1fpasv4,sarasota,MarjBaldwin,1727286907,2024-09-25 17:55,10,0,ISO Honest skilled computer repair,"Short version: need someone with excellent diagnostic skills who can solder to a motherboard. Alternatively is Best Buy Geek Squad reliable for data recovery from a hard drive?

TLDR version: a capacitor bunrt out on my mom's laptop's motherboard when replacing a battery went awry. I do not have the skills to solder on a new capacitor, nor to diagnose if we also damaged anything else downstream of the capacitor on the mobo.

My concern is if it's just the capacitor that's relatively fast and easy for a skilled tech to fix and not a lot of money.  But ...and please forgive my cynicism/paranoia... it's easy for a repair person to tell me the whole motherboard needs replacing, because I would not know if that would be true or just a lie for an upsell. If it's the motherboard, it's not worth replacing because diagnostic costs plus labor/parts to swap would make just buying a new laptop the smarter decision. I would just buy her a new one from Best Buy and have them do the data recovery.

The places I looked up (IST and UBreak-IFix) have both glowing and terrible reviews. I know sometimes terrible reviews are not deserved but there are just enough of them to give me pause.

I would prefer not to return to Uptech Computer in Gulf Gate if i can help it. Last year this laptop suffered the notorious broken hinge that these models get (HP Envy). While they did the repair just fine, they snapped off part of the tongue for the hidden screw under the optical drive, lost another screw, and stripped a third screw. The unit had never been opened up before so I can only assume they did it. They didnt mention any of this when returning the unit to me so I only discovered these issues when i went to replace the battery. Minor issues, but telling me would have been the professional thing to do. 

  
So, does anyone have a guy they'd like to share? Please, and thank you in advance.",helene,community_discussion,
1fpcdlv,sarasota,tcboyle93,1727290877,2024-09-25 19:01,12,18,Wind and rain already starting here,Godspeed y’all. Enjoy your hurricane parties.,helene,community_discussion,hurricane
1fpctxh,sarasota,SiffGallery,1727292016,2024-09-25 19:20,62,688,Helene is here.,Lido Beach.,helene,community_discussion,helene
1fpczld,sarasota,lourdesramirez,1727292412,2024-09-25 19:26,16,19,Water to be turned off for Barrier Islands,"Sarasota County announced they will turn off water to all the barrier islands including Siesta Key starting tomorrow (Thursday) morning.  

[https://www.scgov.net/government/emergency-services/storm](https://www.scgov.net/government/emergency-services/storm)",helene,community_discussion,storm
1fpgbok,sarasota,i_heart_kermit,1727300988,2024-09-25 21:49,5,21,Current satellite image of Helene as of 1749,,helene,community_discussion,helene
1fpgelm,sarasota,Striking-Sympathy-16,1727301213,2024-09-25 21:53,25,1,Sarasota County TRIPLED my property taxes this year. How?,"Title pretty much says it. I've lived in this house since 2018 and have had Homestead exemption the entire time. Even with the housing boom my house never even doubled in value. I got a PACE loan for new hurricane windows, which we planned for in our escrow, but that is now hitting at the same time as the county increasing my property tax from about $2,000 to about $6,000 causing roughly $300ish increase in mtg. payment. The math ain't mathing to me, so I need some help understanding how tf they arrive at a tax bill of TRIPLE what I've owed previously even though we are supposed to be capped at 3% increase in property values. Like, even if you somehow got around that and there was some loophole that allowed them to redo my assessment to updated values it's not even double... so how are my taxed tripled? MAKE IT MAKE SENSE!

  
Edit: OK, so... I have a bit of clarification for what happened in my particular scenario. Part of the process for the PACE loan company I went with is to submit a notification of escrow adjustment to cover the upcoming tax assessment increase. This is more or less supposed to just serve as a ""heads up"" to the mtg. company that the bill is going up. Well, they took that and added that number to the escrow account, and then when my tax assessment went up like it was supposed to, they added that value as well, effectively double tapping me for the same thing. This has been cleared up with my mtg. company and should reflect in my new escrow analysis, bringing my mtg. payment down to what I was planning and prepared for. I misunderstood exactly how that was going to show on my tax assessment/ escrow account, and thought the tax increase was separate of the loan stuff. The taxes went up exactly as they should, because that's how the loan is collected on. Hope this clears up my confusion for anyone with a similar issue and you can learn from my ignorance on the matter.

  
Lesson here(aside from staying away form PACE loans) is to be careful with how you go about notifying you mtg. co. of the increase and make sure they don't hit you for the same thing twice. ",helene,community_discussion,hurricane
1fpglwu,sarasota,Jeremiahs__Johnson,1727301746,2024-09-25 22:02,41,17,Open for business tomorrow? ,"Anyone know if any businesses are staying open tomorrow? I have a friend whose employer is making them and everyone else come into the office from 8-5 tomorrow for literally the most nonessential job in the world. 


I think it’s ridiculous to be quite honest. What do y’all think about that? What do you think will even be open tomorrow? ",helene,community_discussion,
1fpkzxj,sarasota,Fresh-Moose-7121,1727314703,2024-09-26 01:38,32,0,Moving to Sarasota Advice,I am considering moving to the Sarasota Bradenton area. How is it? Career prospects? Dating? Excitement? Things to do? Cost of living/QOL? Would I enjoy it? Anyone here who wants to give their two cents? Need some advice! Thanks!,helene,community_discussion,
1fpyzn2,sarasota,caliconch,1727364600,2024-09-26 15:30,35,302,Florida's Heroes!,,helene,community_discussion,
1fpzd1c,sarasota,Healthy_Block3036,1727365536,2024-09-26 15:45,2,5,Senate Democrats launch first multimillion-dollar TV investments in Texas and Florida as map grows more daunting,,helene,community_discussion,
1fq06z2,sarasota,Character-File-3297,1727367610,2024-09-26 16:20,6,50,Thankful,"Been here about a decade. Been pretty lucky with storms in that time, even during Irma my family and I only lost power for a day and a few shingles off of our roof. I realize many people were affected and especially during the flooding from Debby this year. 

This thing looks like it’s going to get pretty nasty. I woke up and the sun was shining here still - calm before the storm type stuff. Praying for our friends north of here. It could’ve been much worse for us. Hoping the flooding isn’t too terrible this go around. 

Stay safe, out there. And shout out to our first responders who are working today, tonight and tomorrow during recovery. Thanks for holding shit down. ",helene,community_discussion,storm|power
1fq0rhn,sarasota,Soft-Glass6113,1727369063,2024-09-26 16:44,2,0,Alvin’s island ,[removed],helene,community_discussion,
1fq2mnu,sarasota,Snoo-35252,1727373676,2024-09-26 18:01,3,18,Boat with concrete weights in it by O'Leary's Tiki Bar on Wednesday ,"The concrete will keep the boat from floating away, but is this whole area under water now? This is next to the parking lot adjacent to O'Leary's and Bayfront Park.",helene,community_discussion,
1fq2xxg,sarasota,hungryepiphyte,1727374465,2024-09-26 18:14,3,1,Xfinity weirdness,"I noticed yesterday that Xfinity at dinner point very recently came and attached a new coaxial cable to the defunct box attached to my house. We haven't been their customers for two years (Ian knocked down the line and after more than a month they hadn't restored it so we switched to frontier). 
They never came until sometime in the last week or so, but with no notice or anything and we're not customers of theirs. 
Any idea why they would waste time and money running a line to a non customers house? It goes to the box and then to the ground, we don't even have coaxial running from the box to the house. 
It's just so bizarre. ",helene,community_discussion,
1fq438r,sarasota,No_Explanation3481,1727377391,2024-09-26 19:03,7,13,Currently off Fruitville & Beneva...,"
3rd floor lanai. This has mever happebed in 2 decades...
",helene,community_discussion,
1fq4rvg,sarasota,wrydrune,1727379131,2024-09-26 19:32,72,52,Welp that sucks,Just lost power about 15 minutes ago in Sarasota springs.,helene,community_discussion,power
1fq4ydb,sarasota,damfinow,1727379600,2024-09-26 19:40,1,13,FOLLOW DR LEVI FOR THE BEST WEATHER,"SKIP all the local and cable weather FOLLOW Dr Levi!

[https://www.tropicaltidbits.com/](https://www.tropicaltidbits.com/)",helene,community_discussion,weather
1fq5ney,sarasota,Fourwindsgone,1727381373,2024-09-26 20:09,12,0,Dear Vandals,"Please return the bolt and nut you stole from this sign as soon as possible. 

In this weather, it will very easily become a projectile.

Thank you.",helene,community_discussion,weather
1fq6vp9,sarasota,Firstborn1415,1727384516,2024-09-26 21:01,4,3,Physical Therapy recommendation,"My insurance covers the following locations - has anyone used one listed and would you recommend their services? (want to stay in Saratoga; 61F general lower back and hip pain): Saratoga Physical Therapists - 5 Care Lane; Regional Therapy Center of Saratoga Hospital; Matt Goodmote - 3 Maple Dell; Sports PT of NY - 1 West Ave; Wesley Health Care Center - 131 Lawrence St (has aquatic) 
Many thanks for your input. ",helene,community_discussion,
1fq8c2b,sarasota,waguzo,1727388328,2024-09-26 22:05,9,22,Midnight Pass & Stickney Pt road intersection is closed,From a Sarasota County alert: “ “AVOID the area near the intersection at Midnight Pass and Stickney Point roads. Fast moving water overwashed the barrier island and is in the roadway. Conditions will continue to deteriorate due to Hurricane Helene. Several feet of storm surge are forecasted.” ,helene,community_discussion,hurricane|storm|helene
1fq8dlb,sarasota,BigJohnsBeenDrinkin,1727388443,2024-09-26 22:07,6,28,Here's a good live storm feed for y'all,"https://preview.redd.it/zxqlznmm88rd1.png?width=2552&format=png&auto=webp&s=19e5587b981ecf5f5bbba00f8e21969f69734d32

[https://www.youtube.com/live/XTnlp7qrTYg](https://www.youtube.com/live/XTnlp7qrTYg)",helene,community_discussion,storm
1fq8jqm,sarasota,i-framed-rogerrabbit,1727388904,2024-09-26 22:15,5,3,Hurricane shutters ,"Is there a reliable company, or person, who can put up and take down hurricane shutters on a two story home? Seems so difficult to find each time a storm comes. ",helene,community_discussion,hurricane|storm
1fq8uhs,sarasota,dawnzig,1727389738,2024-09-26 22:28,2,32,Phillippi Oyster Bar area flooded/flooding... again,Feel bad for the owners of these businesses!,helene,community_discussion,
1fq8xm6,sarasota,dawnzig,1727389975,2024-09-26 22:32,0,19,Sarasota Bay at North Siesta Dr overtaking seawall...,Storm surge in progress. ,helene,community_discussion,storm
1fqamqu,sarasota,[deleted],1727394885,2024-09-26 23:54,0,1,Lido Beach @ 3:30pm,[deleted],helene,community_discussion,
1fqamub,sarasota,Boomshtick414,1727394893,2024-09-26 23:54,16,98,Lido Beach @ 3:30pm,,helene,community_discussion,
1fqaysx,sarasota,gunzrcool,1727395897,2024-09-27 00:11,3,24,Bay front park,,helene,community_discussion,
1fqbluw,sarasota,DiverofMuff23,1727397905,2024-09-27 00:45,21,79,Indian Rocks Beach,,helene,community_discussion,
1fqc7xp,sarasota,LittleRedB2300,1727399811,2024-09-27 01:16,22,58,Is this place good? Owner vs reviewer.,,helene,community_discussion,
1fqfdwp,sarasota,lamethystina3,1727410294,2024-09-27 04:11,8,7,local rescue crew for disabled family member stranded in flooded home???," a close family member is stranded in siesta key with her dog. she is disabled and wasn't able to evacuate in time. the surge has flooded the house above mattress level  - that's the latest update when we were last able to communicate with her. her phone has died and we don't know how to find any additional help until emergency services can get there. it's been hours -- if there is ANYONE in the area willing to help PLEASE let us know. PLEASE!

any tips or anyone in the siesta key midnight pass area please let us know. i'll be watching my messages closely. THANK YOU!

",helene,community_discussion,
1fqfnt5,sarasota,Boomshtick414,1727411287,2024-09-27 04:28,34,196,Downtown Conditions @ 11pm,,helene,community_discussion,
1fqh87k,sarasota,LYSG18,1727417696,2024-09-27 06:14,22,0,Flood situation in Sarasota ,"I'm due to arrive in Sarasota in less than 2 weeks. Should I cancel my trip? Or I should just wait and see for now? Sorry I'm not a native (from Asia), completely new to such hurricane or crazy storms, it's my first time to Florida. So please don't judge if it's a silly question! 🙏",helene,community_discussion,hurricane|flood
1fqkd13,sarasota,New-Road7319,1727432033,2024-09-27 10:13,0,8,Be careful.,"Those who have been affected by Hurricane Helene, I hope you haven't been affected much. If you have, I hope resources for you are able to help swiftly and I hope your daily lives can return to normal and be better than before. I have been through two hurricanes but this one being intense as it was. I hope your ok and I hope anyone didn't pass from this. STAY STRONG FLORIDA AND GEORGIA AND ALABAMA!!",helene,community_discussion,hurricane|helene
1fqkfka,sarasota,ImpressiveLink8953,1727432330,2024-09-27 10:18,5,12,Flooding ,Is anyone in the BeeRidge and Cattlemen area experiencing flooding? ,helene,community_discussion,
1fqlfms,sarasota,sayaxat,1727436359,2024-09-27 11:25,0,0,"If you work in St. Pete, here are social media links to follow ","FDOT West Central - Tampa Bay area

Bridge status

https://www.facebook.com/share/p/UpSr7axdPAHpLFek/?mibextid=oFDknk

IONTB

https://www.facebook.com/share/p/VCQ87BmRZ4PVKFjS/?mibextid=qi2Omg

FL511
More info on site than app.
",helene,community_discussion,
1fqmj49,sarasota,memeraths,1727440126,2024-09-27 12:28,18,151,Thank you Sarasota Reddit,"I’m a lurker.  I’ve had retired family in Sarasota since the early 80s and although I don’t live there, I have a long history there so it’s home-ish?  (Main Bookstore, Maas Brothers, the Dennys on 41 downtown… The Buttery before it was the Blue Dolphin… I remember visiting a guy out off Cattleman like it was out in the jungle…) With the latest storm, I just want to extend my appreciation for y’all.  In normal times, your posts are a great way for me to keep up with things and have good conversation topics with my dad.  When there is a hurricane, there’s a lot of good “boots on ground” info that helps me judge how my dad is doing, because he doesn’t always give me the whole story.

Thank you everyone and be safe!",helene,community_discussion,hurricane|storm
1fqmu3q,sarasota,john99111,1727441072,2024-09-27 12:44,15,12,Flooding in Siesta Key village?,"Anyone know how the village in Siesta Key made out with the hurricane?
",helene,community_discussion,hurricane
1fqo8wa,sarasota,savageshaft,1727445173,2024-09-27 13:52,22,0,How’s it looking this morning?,"Want to start by saying I hope everyone is safe and doing alright. I hope this isn’t perceived as insensitive right now -

I was supposed to fly down there tomorrow for a week but just wanted to know if most places will be open. I see some flooding and possible outages. 

How’s everyone doing?",helene,community_discussion,
1fqohch,sarasota,Lilbooplantthang,1727445809,2024-09-27 14:03,3,7,Water safe to use?,"I’m sorry if I missed it but I can’t find that info on the county website. 

Also I’m in Sarasota springs if anyone needs help, water or food dropped off, or anything else",helene,community_discussion,
1fqp1e6,sarasota,Irishfireclaw88,1727447297,2024-09-27 14:28,5,6,Small rant,"Asking the subreddit about your vacation during/ minutes after a hurricane is just obnoxious and unnecessary, wait a couple of days before asking while the natives try and assess and pick up the pieces ",helene,community_discussion,hurricane
1fqp6pn,sarasota,Meeso,1727447684,2024-09-27 14:34,9,12,"Federal/state bug traps fell out of trees during storm, lawn service comes in a few days",,helene,community_discussion,storm
1fqq63t,sarasota,gmlear,1727450247,2024-09-27 15:17,28,111,Bob is Legend. ,Rigged for running. This guy has provided our community an invaluable service for two decades. I don’t watch anyone else. Hands down the G.O.A.T. ,helene,community_discussion,
1fqqex3,sarasota,Ok-Abbreviations-323,1727450900,2024-09-27 15:28,12,91,Midnight Pass Has Opened,Seeing photos that Mother Nature has spoken on the topic. ,helene,community_discussion,
1fqrrml,sarasota,Current-Self-8580,1727454353,2024-09-27 16:25,1,6,Sirens off of bee ridge rd?,There have been constant sirens on bee ridge near 41 for the last hour or so. Anyone know what’s going on? ,helene,community_discussion,
1fqrzwh,sarasota,pqitpa,1727454965,2024-09-27 16:36,26,44,St Armands,Just found out all 3 of my jobs on St Armands got around 2 feet of water. I feel so bad for the owners who can't even get out their properties. Police won't let me out there to check on the properties for the homeowners. ,helene,community_discussion,
1fqsj54,sarasota,Okie_Bigfoot,1727456383,2024-09-27 16:59,10,6,How bad was the flooding in Venice?,We flew my grandma out last weekend and all of her neighbors left as well. I have no one there that we can contact at the moment. Is their anyone that could tell me how bad the flooding was in Venice? My Grandma's house is basically directly in line with the high school and directly on the beach. I am trying to determine how long my grandma will be out of her house!,helene,community_discussion,
1fqsuu3,sarasota,SrqSherry,1727457205,2024-09-27 17:13,49,96,Noooo 😭,,helene,community_discussion,
1fqt4fe,sarasota,fxmercenary,1727457907,2024-09-27 17:25,101,595,Midnight Pass has reopened after 40+ years.,"I swear I was not out there helping to open it, they can't prove anything. ",helene,community_discussion,
1fqt6jf,sarasota,thebutler32,1727458060,2024-09-27 17:27,0,1,Out And About Sarasota at The Breakfast House,,helene,community_discussion,
1fqt9q5,sarasota,crayzcatlayde,1727458291,2024-09-27 17:31,20,0,Trip to Siesta Key in few weeks,"We have a trip planned/booked on Siesta Key staying Oct 24th. We are now questioning if we should cancel it based on storm damage/flooding from the hurricane. 

Looking for honest advice as to what to do.  

Thanks! 

",helene,community_discussion,hurricane|storm
1fqujrk,sarasota,LostAmericanGooner,1727461620,2024-09-27 18:27,0,0,Wellen Park flooding?,"Anyone in Wellen park dealing with substantial flooding?
",helene,community_discussion,
1fqvcim,sarasota,BigJohnsBeenDrinkin,1727463718,2024-09-27 19:01,58,298,Siesta Key post Helene,,helene,community_discussion,helene
1fqwq36,sarasota,thegreatdweezy,1727467377,2024-09-27 20:02,4,0,Out and about ,"We are locals but dont ever get to have nights out so we are pretty clueless on the normal nightlife around here. Having said that, my husband and I are looking for things to do this weekend. This is one of the first weekends we've had to ourselves in years and it happens to fall on the weekend of this storm so were trying to make the most of it. Does anyone know of anything going on or good places to go to dance that may still be open this weekend? ",helene,community_discussion,storm
1fqwx0n,sarasota,snackycassy,1727467886,2024-09-27 20:11,5,60,Hyatt Regency Siesta Key Aftermath,,helene,community_discussion,
1fqxna9,sarasota,throway4747477474747,1727469820,2024-09-27 20:43,2,4,Salvation Army Center on 10th Street,"Hello, I live in SoCal but have a loved one who is currently undergoing substance abuse rehabilitation in Sarasota County at the Salvation Army Center at 1400 on tenth Street. I have been monitoring the storm pretty closely and am quite familiar with the area but I have been unable to contact my boyfriend for the past 4 days and am very worried. Has this center been evacuated? What are the chances he is injured/dead? Thank you in advance. ",helene,community_discussion,storm
1fr117b,sarasota,Local-Anything-4791,1727479494,2024-09-27 23:24,7,0,Micro Wedding in Sarasota!,"Hello all!  We are looking to have a micro wedding on 2/15/2025 in Sarasota.  We are going to do a 3-5 Cruise on a boat with champagne and wine and beer with hors d'oeuvres. My future in laws have a lot of connections so I just need recommendations for a hair stylist, a dinner spot, and photographer. Thanks in advance!",helene,community_discussion,
