Post,NEG,NEU,POS,Compound,Sentiment
"We are about 72 hours from landfall. This far out, the average NHC error for a storm track is 105 miles.",0.124,0.876,0.0,-0.4019,NEG
TS winds are forecast to extend 120 mi. from the center of Milton. In Helene they extended 345 mi. Milton will be much smaller.,0.0,0.931,0.069,0.1779,POS
"HEAVY RAIN | Light rain has moved through this morning, with pockets of moderate to heavy rain expected Monday and Tuesday. Wednesday is when Milton arrives, and its rains could lead to flooding. 5 day rainfall totals could exceed 12"" in spots. A Flood Watch is now in effect through Thursday morning.",0.0,1.0,0.0,0.0,NEU
"SUN OCT 6 | 7 AM UPDATE
Big day for Milton updates today. By the end of the day watches are likely for portions of the Florida coast. We may also get our first glimpse at some surge forecast data. 
Check out each map for a caption explaining what you're seeing. I will not reference every map here. 
NHC aircraft is en route to the storm now. Missions will be flown regularly & data will be updated in the models. 
We are 72 hours from landfall. This far out the average error of the best forecast (the NHC forecast) is 105 miles. The track is not set in stone. 
Here's what's happening now:
1.) Milton continues to intensify & organize. Winds will increase with subsequent updates & Milton will become a hurricane later today or early on Monday. The storm is not moving very quickly. This should persist for the next 1-2 days before a rapid increase in forward speed begins on Tuesday as Milton is impacted by a frontal system to its north.
2.) TRACK | There have been no significant changes to the track from the models or from the NHC. Remember, the NHC track cone shows all possible locations of the CENTER of the storm at each time interval. The center of the storm stays in this cne 2/3 of the time. The cone is not unique to each storm, it's drawn based on past statistics. On this morning's map, if the storm goes into Naples, our area still sees impacts as the storm is much larger than its center. If it goes up toward Cedar Key will get impacts too. 
3.) SIZE | Milton will be a MUCH smaller storm than Helene. The current forecast from the NHC has tropical storm winds extending 120 mi. away from the eye of Milton on either side as it approaches the coast. For comparison, tropical storm winds extended 345 mi. from the eye of Helene as it approached the Big Bend. In 2004 Charley had tropical storm winds that only went out to 85 mi at landfall & hurricane winds went out only 25 miles. Milton will be closer in size to Charley than Helene.  
4.) SURGE | Smaller hurricanes move less water. Smaller hurricanes cause less widespread wind damage. There will be significant surge & wind damage near the point of landfall, but because the storm will be small, the most severe impacts will be highly concentrated in an area near the point of landfall & just to the right. The exact track the eye will take is crucial & unfortunately, no matter how many tracks you look at, no one will be able to pinpoint that track so precisely. 
5.) TAMPA BAY | Milton does pose a significant threat to Tampa Bay. A landfall in Pinellas or Pasco County would not be a good situation for those around the Bay. Southwest winds would push significant water into the Gulf. The levels would likely exceed anything we saw with Helene in areas that are at & south of the point of landfall. A landfall in Pinellas County would bring a reverse surge to areas to the north such as Pasco & Hernando. Track is everything for wind & surge. 
6.) INTENSITY | NHC is conservative with intensity. Milton will have free reign to intensify quickly through Tuesday. Some of the NHC's new models even intensify it significantly past cat 3. The issue is what happens as it approaches Florida. The environment around the storm will become much less supportive of quick strengthening. Forward speed will be increasing as Milton feels the impacts of a trough of low pressure to its north. Wind shear north of the storm will become more significant & there are indications that drier air will start to wrap in around the storm. Some of the models suggest that this environment will be so toxic to the storm that even as it moves away from Florida over warm Atlantic waters it could continue to weaken. There are honestly too many moving pieces in the intensity forecast in the last 24 hours before landfall. I think it's best to prepare for a Cat 3 or Cat 4 storm.
7.) TIMING | This is all Wednesday. Although we'll see periods of rain today, Monday & Tuesday, there will be no direct impacts from the storm through sunset Tuesday. The earliest reasonable time for the arrival of minimal tropical storm winds per the NHC forecast is around 8 pm on Tuesday. You'll have all day Tuesday to make last-minute preps before the storm. Other than some rain, Tuesday will be ok for all forms of travel. I would suspect all airlines will fly OUT on Tuesday but flights IN may be canceled for any airplane that is scheduled to stay in Tampa/St Pete overnight as airlines would not want their planes on the ground in the storm Wed AM. I DO NOT KNOW WHAT WILL HAPPEN TO YOUR FLIGHT (unless it's on Wed. All Wed flights will be canceled).
8.) WIND | Depending on intensity, Milton has the potential to cause much more wind damage in our area than Helene. Because of its increasing forward speed, wind damage will spread farther inland along & just to the right of the track. Again, the swath will be VERY narrow, but some of the winds may be very strong. Remember, the storm is forecast to have a total width of around 250 miles, but most of that will be tropical storm winds. Hurricane-force winds are only forecast to extend around 25 miles from the center. The majority of us WILL NOT see hurricane force winds. The PEAK winds will only be 5-10 miles from the eye. Unfortunately, that swath of strong winds is impossible to predict precisely. If the track doesn't change, I plan on boarding up my house on Tuesday. I live 2 miles from the Bay. 
9.) FINAL THOUGHTS | Run from the water, hide from the wind. If you live in a flood zone & are in an evacuation zone that gets called, please leave. I suspect the number of people running from the water in this storm will be MUCH higher than any previous storm in recent memory because of our Helene experience. That's a good thing but it could also mean that traffic may be an issue at some point. If you don't live in flood zone & are away from the coast, you can shelter in-place from the wind. The only structures that are unsafe are trailers, mobile homes & manufactured homes. These need to be evacuated no matter where they are if you're in the path of the storm. 
Milton poses a significant threat to our area. Today will be the final day of watching & tracking, by tomorrow morning we'll have to start acting & planning. Be patient, & approach this reasonably. Identify your risks & plan for not just the storm but also the AFTER. Some areas may experience significant, long-lasting, power loss. Internet & water may also not be available for several days. Even if your area does not sustain much damage, other than trees & tree branches, you may still be impacted by a lack of some of these services. Hopefully though, with a smaller hurricane, these services will be restored more rapidly following the storm. 
I'll keep yo updated 24/7.
#milton #hurricane #hurricanemilton #florida #tampa #tampabay #tampabayflorida #SevereWeather",0.066,0.879,0.056,-0.93,NEG
"Comparing Milton to past storms. 
#milton #hurricane #hurricanemilton #florida #tampa #tampabay #tampabayflorida",0.0,1.0,0.0,0.0,NEU
MILTON | The 8 am advisory has winds up to 60 mph as it continues to organize and strengthen in the SW Gulf. Next track update comes at 11 a.m.,0.0,0.922,0.078,0.3182,POS
"Quick Sunday morning, Oct 6, update on Milton. 
#hurricanemilton #milton #hurricane #tampa #tampabay #florida #hurricane",0.0,1.0,0.0,0.0,NEU
"MILTON 11 AM UPDATE | Tropical Storm Milton's winds are up to 65 mph. It is expected to rapidly intensity over the next 36 hours into a Category 3 storm. Models this morning have shifted a small distance to the south, so the NHC forecast track has shifted slightly south as well. The cone remains the same width however, so anyone from Naples to Crystal River should continue to prepare should future shifts happen.",0.0,0.974,0.026,0.2111,POS
"NHC: The NOAA Hurricane Hunter crew reported that an eyewall has formed
on the last center fix, suggesting that this system is ready to
intensify quickly.",0.0,0.909,0.091,0.3612,POS
"NHC: The new
NHC forecast is adjusted south of the previous one, especially early on, and further southward adjustments could be required if the guidance trend continues.",0.0,1.0,0.0,0.0,NEU
The 11am update from the NHC & morning model runs present some track changes. Here are the highlights in 90 seconds. #milton #hurricanemilton #hurricane #florida #flwx #tampa #tampabay #tropicalstormmilton,0.0,1.0,0.0,0.0,NEU
She must be trolling the comments.,0.0,1.0,0.0,0.0,NEU
"Some Tampa Bay area schools are ready closed Monday to Wednesday for both the storm and to give people a chance to plan and prepare. 
#milton #hurricane #hurricanemilton #tropicalstormmilton #tropicalstorm #flwx #florida #tampa #tampabay",0.0,0.873,0.127,0.5423,POS
"DEE-TAILS | Why Milton's track is crucial for folks on the west coast of Florida. 
#milton #hurricanemilton #hurricane #florida #tampa #tampabay #tropicalstormmilton #severeweather #severeweatherpreparedness  #SevereWeatherPreparedness",0.0,1.0,0.0,0.0,NEU
"Hillsborough County, Florida opens sandbag distribution:
❗🌧️ UPDATE: Sandbag distribution locations will open again today and tomorrow, weather permitting!
Ahead of #TropicalStormMilton, three sandbag distribution locations will be open throughout Hillsborough County. Residents must bring their ID and all locations are self-fill only.
Sandbags will be available:
- Sunday, 10/6, from 12 PM to 5 PM.
- Monday, 10/7, from 8 AM - 7 PM. 
🔗 Get info on sandbag distribution: https://bit.ly/4c8wgsN",0.0,1.0,0.0,0.0,NEU
"SUN OCT 6 | 1 PM UPDATE
Things are definitely trending in an interesting direction. Here's what new as of the 11 AM update from the NHC.
1.) Hurricane hunter aircraft have found that the center of Milton is farther south than they expected. They also found the storm is moving ESE instead of east. It's a small change but when you extrapolate that over 3 days of movement, it makes a HUGE difference for folks down the line as it would cause the track to shift farther south as well.
2.) The models are now picking up on this position change & the models are responding. Most of the spaghetti models have now shifted south of Tampa Bay. This is great news for anyone around the Bay as on the north side of the storm you'd get less wind & the wind would push water OUT of the way & into a Gulf, a reverse surge! We want that. Unfortunately, this also means that farther south the threat of a surge increases especially down into the Suncoast & Southwest Florida. Anyone from Sarasota to Naples needs to now follow this storm even more closely. Milton will be a much smaller than Helene so the area that will see the highest surge & the worst winds will be much smaller than it was with Helene & almost entirely to the right of the point of landfall. 
3.) The Hurricane center suggests that further shifts to the south in the track are possible in future updates. The hurricane center never goes ""all in"" on a model track change. They do the right thing by looking at trends over several updates & nudging their track in that direction. That's the right way to do it. 
4.) Hurricane hunter aircraft have found that Milton now has an eye wall. It's not a hurricane yet but will likely be soon. Now that the eye wall has formed, rapid strengthening is possible. A couple of these models bring this to Cat 4/5 north of  the Yucatan before some weakening occurs as it approaches Florida because of increasing upper-level winds around the storm (shear) & dry air coming in from the NW. Don't freak out if you see some BIG numbers from this storm in the next 24-48 hours. 
5.) As far as what anyone will see from the storm will really depend on the track of the eye because Milton is expected to be rather small. Hurricane winds may only extend 30 miles away from the eye in any direction & tropical storm winds may only reach out 130 miles away from the center. In Helene TS winds extended 345 miles. The ""maximum sustained winds"" you see listed on the graphics about the storm only occur within 5-10 miles of the eye. This means that only a small portion of our area will see hurricane-force winds. Those strongest winds are almost always on the right side of the eye as it's making landfall. If you're on the north side of the eye you'll get much less wind & if you're more than 50 miles away from the eye you'll likely just get tropical storm-force winds. 
The majority of the area will see winds equivalent to what we saw in Ian, Irma & Helene. Tropical storm winds with gusts over 60 mph for most. Only those right near the eye & to the right of the track near the eye will see any kind of nasty winds. Now, if you do get near the eye, nasty winds are absolutely possible as is damage from them. With the fast motion of this storm strong winds to the right of the eye can absolutely extend inland too, along the track. 
Can all this change? Oh yea! Wobbles, eye wall replacement cycles, the trough of low pressure to the north of Milton & its exact strength still play a role. We all need to prepare & we'll get a better idea of who exactly needs to be prepared when watches are issued along our coast & inland later today. This is why I'm updating so much. I want you to have the latest info. 
More updates to follow, 24/7/",0.05,0.876,0.074,0.9074,POS
"The 11 AM update from the NHC brought in some track changes for tropical storm Milton. Here is what that means for the Florida peninsula. 
#TropicalStormMilton #hurricane #tampabay #tropicalstormmilton #hurricanemilton #florida #milton #tampa",0.0,1.0,0.0,0.0,NEU
"Milton's rapid intensification is well underway, and the storm is now a Category 1 Hurricane with winds of 80 mph. Next track update comes in around 5 p.m.",0.0,0.92,0.08,0.2732,POS
"Great list to save & keep around for this & all hurricane seasons. 
#tampa #hurricanemilton #milton #hurricane #florida #tampabay #SevereWeatherPreparedness",0.0,0.687,0.313,0.8074,POS
"Windshield wiper effect in full swing! The models are back south & north now. I’m guessing the NHC will make very little change in the track at the 5 PM update. No one is out of the woods with this storm. Anyone from Cedar Key to Naples is still in the potential path, including Tampa Bay. Be patient & continue your preps as you see necessary. I’ll continue to update you 24/7. #florida #hurricanemilton #hurricane #tampa #tampabay #milton",0.033,0.967,0.0,-0.3595,NEG
"The folks at FDOT West Central - Tampa Area have been preparing for the storm all weekend: 
The Howard Frankland Bridge crews have been working around the clock to prepare the project for TS Milton. 
The barges are chained together and then securely anchored to the sea floor. “Barge Island” is almost complete. Once fully complete, there will be 24 cranes, 72 barges and will cover nearly 10 acres.",0.0,0.965,0.035,0.34,POS
MILTON | Sunday 5 PM update is in. No major changes with this one as some of the models that were trending south earlier are now back north. NHC will be conservative with track changes to keep it consistent. Milton is now stronger with winds of 85 mph and will continue to get stronger through the night. It'll approach the west coast of Florida Wednesday as a major hurricane. No new watches for Florida with this update,0.055,0.879,0.065,0.2023,POS
"NHC at 5pm: Intensity guidance is about as bullish as I've seen in this part of the basin, with
almost everything showing a peak intensity of category 4 or 5 in
the southern Gulf of Mexico in a day or two",0.0,1.0,0.0,0.0,NEU
"We could have a Cat 4 or 5 in the southern Gulf tomorrow or Tuesday. But the 5 pm update has some hope for the west coast of Florida as Milton approaches. Here's the latest in 90 seconds.  
#milton #tampa #hurricanemilton #tampabay #florida #hurricane",0.0,0.91,0.09,0.5927,POS
"School closure list due to Hurricane Milton continues to grow. 
What are you doing with your kids?",0.0,1.0,0.0,0.0,NEU
"SUN OCT 6 | 6 PM UPDATE
Some thoughts this evening before I head to bed:
1.) The NHC track shows little change for our area. Maybe a little farther north inland & a little farther south in the Gulf but the centerline is still about where it was at 11 am. 
2.) The spaghetti plot is now split with some models around the Bay & points north while a group of models is still eyeing Southwest Florida.
3.) The EURO & GFS are also no help with the GFS being back rather far north & the EURO bringing the storm into the Bay. 
4.) I cannot tell you what your area is going to get because I don't know where the eye is going to track since all the models are split. I can only say one thing: everyone in Tampa Bay will get tropical storm winds on Wednesday. I can't be more specific right now.
5.) The intensity forecast is interesting. The models have been so bullish with strengthening the storm to Cat 4 or 5 in the southern Gulf tomorrow & Tuesday that the NHC made a remark about it in their 5 PM update. They have increased the peak intensity to Cat 4 in the Gulf. Milton could even reach Cat 5 briefly. 
Beyond that the forecast is tricky & more optimistic for us. Upper-level winds (shear) will increase & Milton is forecast to weaken quickly as it approaches the west Florida coast. 
The NOAA hi-res HARF model shows Milton as a formidable storm Mon/Tue with a well-defined eye. But when the same system approaches our coast on Wed it looks VERY different. That eye is gone & the storm is lopsided with rain on the north side & dry it on the south & southwest. This would act to spread the winds of the storm over a larger area but also cause them to be overall weaker. The surge would not necessarily act the same way. The NHC will issue their forecast for surge tomorrow or late tonight when watches are posted. 
6.) Overall I can't say that anyone is ""in or out"" of this storm. The model data is not clear, the intensity forecast is complicated, & the shape & size of the storm is in question as it approaches. Hopefully, tomorrow will bring clearer answers. It usually does. 
See you in the AM!",0.038,0.897,0.065,0.8945,POS
"Evening video update on #HurricaneMilton. This one is longer than 90 seconds to give a bit more detail. It basically covers the long written update in video form. More of these tomorrow as Milton strengthens overnight. Stay tuned! 
#milton #hurricane #tampabay #tampa #florida",0.0,0.926,0.074,0.5093,POS
Milton still has winds of 85 mph. A new track comes out at 11pm. We'll have it for you. Doubt we see many changes since there is little agreement with the models at this point.,0.067,0.855,0.078,0.1045,POS
"11pm Hurricane Milton Update: Milton still has winds of 85 mph. The NHC predicts this will become a powerful Cat 4 hurricane on Tuesday. The track is ""essentially the same"" although the NHC does slow down the forward speed a bit. The slower it goes, the more time shear will have to weaken it a bit. But so there are no misunderstandings, Milton will be a powerful hurricane when it makes landfall on the West coast of Florida. We'll continue to update overnight as we get new model runs and information.",0.055,0.885,0.06,0.1292,POS
"UPDATE: Milton now has winds of 90 mph. The storm is clearly going through rapid intensification and will likely be a Cat 4 hurricane within 24 hours. It is possible the storm could strengthen to Cat 5 before slowly weakening a bit before making landfall on Wednesday. The official NHC forecast still has Milton a ""Major"" Cat 3 hurricane upon landfall. No track change at 11 as models are still divided on where the storm is going to end up. Updates 24/7.",0.055,0.883,0.061,0.128,POS
"MILTON | The 5 AM track is in. No major changes here. Milton is now stronger with winds of 100 mph. Continued increase in strength is likely today. Milton will likely reach Cat 4 intensity north of the Yucatan late today or early Tuesday. NHC notes the track of the storm is highly uncertain as it approaches Florida, as is the timing of when exactly that landfall will happen. Added to this, Milton will be entering strong wind shear as it approaches the Florida west coast likely causing some weakening in the system. Despite this, Milton is still likely to be a major hurricane as it makes landfall.",0.061,0.831,0.108,0.6712,POS
"Hurricane and surge watches are up! Big update from the NHC this morning. Here's what's new in about 1 min.  
#hurricanemilton #hurricane #tampabay #milton #florida",0.0,1.0,0.0,0.0,NEU
NEW | Hurricane hunter aircraft find Milton stronger. Winds are now at 120 mph. Milton is a dangerous Cat 3 hurricane. A slow motion just south of east continues. No track changes with this update.,0.148,0.78,0.072,-0.4019,NEG
"MON OCT 7 AM UPDATE
Lots of new info from the NHC with this update.
1.) Milton continues to intensify as forecast. It is now a Cat 3 storm. It is a tiny hurricane with a small pin-hole eye. Hurricane-force winds only extend up to 25 miles away from the eye. 
2.) Hurricane watches have been issued for the west coast of Florida. Not everyone in this area will see hurricane conditions. Only those near & south of the eye will actually see hurricane-force winds. Outside of this area most will just see tropical storm winds during the storm, & lots of rain. 
3.) Everyone along the coast is under a surge watch. The surge forecast numbers are BIG. But, unlike Helene, the surge will not impact everyone. The highest suggest will likely only happen in place where & just to the south of, the eye makes landfall. North of the eye the wind will be off-shore pushing the water out into the Gulf & away from the coast. The worst case scenario is a landfall north of the Bay in Pinellas or Pasco Counties. This would cause a record-setting surge in the Bay that could be up to 5 ft. higher than what we saw with Helene. Of course, if the landfall is south of the Bay then the storm could push water out of the Bay & we'd see a reverse surge & a drop in water levels. Unfortunately at this point I cannot say where this point of landfall will be. 
4.) This is not Helene. There is a lot more uncertainty with this track. There will be changes, likely until almost the point of landfall. I understand this is incredibly frustrating & unnerving. I'm with you & feel the same way. There's a lot we don't know about the storm but we have lots of time to prepare. Take the time you need the next 2 days to prepare & plan. If you're in an evacuation zone because of a flood zone, listen to the order. Evacuate. If you're not in an evacuation zone, you're ok to shelter in your home. Be prepared for power loss but you'll most likely be ok. Only mobile & manufactured homes are unsafe. 
More to come soon. 
#milton #hurricanemilton",0.059,0.916,0.025,-0.9421,NEG
"Milton is now a major Cat 3 hurricane. 
#hurricanemilton #milton #tampabay #florida #tampa #HurricaneMilton",0.0,1.0,0.0,0.0,NEU
Hurricane hunter find Milton stronger. Pressure is dropping fast. Winds now up to 125 mph. Milton will be a Cat 4 storm later today.,0.089,0.806,0.105,0.1027,POS
The eye of Hurricane Milton right now is only 12 miles across.,0.0,1.0,0.0,0.0,NEU
"With Milton now stronger, the NHC has upped the max intensity forecast to 155 mph near the Yucatan. The track for the next 36 hours has also nudged south. This now shows it's possible for the eye to make landfall in the Yucatan before turning northeast toward Florida.",0.0,0.948,0.052,0.3818,POS
"Based on the Mon Oct 7 5am track, strong tropical storm winds won't begin to move in until Wednesday afternoon. The first half of Wednesday will feature some wind and probably a lot of rain but conditions likely won't get bad Wednesday until the evening.",0.0,0.874,0.126,0.7118,POS
"It's possible if the center of the storm goes any farther south, it could make a brief landfall in the Yucatan.",0.0,1.0,0.0,0.0,NEU
Milton has rapidly intensified to a Cat 4 storm with 150 mph winds. It is still expected to weaken prior to landfall on Wednesday.,0.118,0.882,0.0,-0.4215,NEG
Impressive hi-res satellite image of Cat 4 Milton as it approaches the northern Yucatan. Pressure continues to drop and winds continue to increase,0.154,0.645,0.201,0.3182,POS
Mandatory evacuations begin in Hillsborough County at 2:30 PM today for zones A & B along with manufactured & mobile homes.,0.0,0.925,0.075,0.0772,POS
Mandatory evacuation orders for Hillsborough county zones A & B along with all manufactured/mobile housing beginning today at 2:30pm.,0.0,0.92,0.08,0.0772,POS
Flights after 9am on Tuesday out of Tampa International Airport are cancelled until the airport resumes normal operation after the storm. No way to tell when that would be until the storm moves by,0.116,0.884,0.0,-0.4939,NEG
TPA is closing at 9am for all commercial & cargo flights and will remain closed until it can assess any damage after the storm.,0.127,0.873,0.0,-0.4939,NEG
"Here are the sandbag locations we know of now around Tampa Bay. 
An updated list is available here: https://www.abcactionnews.com/.../sandbag-locations-open...",0.0,1.0,0.0,0.0,NEU
"In-depth update on Milton. This video was recorded prior to the Mon Oct 7 11am update from the NHC. 
#HurricaneMilton #tampabay #tampa #florida",0.0,1.0,0.0,0.0,NEU
"11am Update: Milton continues to rapidly intensify. Likely to become a Cat 5 hurricane, but still forecast to weaken prior to landfall.",0.163,0.837,0.0,-0.5719,NEG
Milton has rapidly intensified to a Category 5 storm.,0.0,1.0,0.0,0.0,NEU
"Hurricane Milton is a dangerous and impressive storm. Some weakening before it reaches Florida is still forecast. 
#HurricaneMilton #tampabay #florida #milton #tampa",0.201,0.632,0.167,-0.2263,NEG
Incredible satellite image over the last 3 hours showing the 12 mile eye of Cat 5 Hurricane Milton developing. The pressure inside the eye continues to drop causing the winds to increase. Winds are at 160 mph and could still go higher.,0.099,0.849,0.053,-0.25,NEG
"Monday, Oct 7 | 1 PM Update
Wow! What a morning for Milton! 
The storm has gone through the 3rd fastest intensification cycle (by wind speed) ever observed in the Atlantic Basin, only behind Felix (2007) & Wilma (2005). 
1.) Milton is a dangerous Cat 5 hurricane with winds of 160 mph. 
2.) The storm may brush the northern coast of the Yucatan but that will make little difference in its future track or intensity.
3.) Satellite presentation shows an impressive storm with a small pin-hole eye. The hurricane winds only extend 30 miles from the eye.
4.) The track should continue ESE & then turn more E & then ENE as a trough of low pressure approaches Milton from the NW on Tuesday. An increase in forward speed should also begin. Spaghetti plot is south of the NHC track but the NHC says they don't trust this & have maintained a track north of Tampa Bay on Wednesday evening. 
5.) The intensity of the storm over the next 36 hours will mainly be controlled by eyewall replacement cycles. This is the normal life cycle of a hurricane. The eyewall collapses & a new one develops. This can cause the intensity to go down & then come back up once a new eyewall develops. 
6.) As the storm approaches Florida strong upper-level winds will likely begin to impact Milton in a negative way, stretching the storm toward the northeast & gradually weakening it. Just how much it weakens before reaching the west coast of Florida is hard to pin down. It seems likely that Milton will weaken to at least a Cat 3 storm. 
This weakening trend does show up in ALL the model data (included in this post). What is worrying is that this weakening only begins 12-18 hours before landfall making this a very close call for the Florida west coast. 
7.) The surge forecast has not changed. That all these numbers will happen. The forecast is for the worst-case scenario & will only happen at & south of the point of landfall with the highest surges only 20-30 miles south of the eye. North of the eye the surge will be much lower as the winds blow off-shore.
8.) Mon & Tue are perfectly fine days for last-minute preps. There will be some showers around but no severe or dangerous weather. Even Wednesday morning, though wet & rainy, will likely be safe. It's after 2 PM on Wed that conditions will quickly go down-hill, depending on the speed of the storm. As of now, I'd say that 4pm is the cut-off for being out of a safe place on Wednesday. 
PERSONAL NOTE:
Milton needs to be taken seriously. The current forecast is the worst case track for Tampa Bay. A wobble or last-minute turn is still very possible, but it's too close to call so it's absolutely best to act & pretend like the worst will happen & be surprised with something much less. 
PLEASE evacuate if you're told to do so. Places that can flood in this storm will be told to evacuate, & they should. You do not however need to leave the state or even the area. It's ok to be here for the winds (unless you're in a mobile or manufactured home). That means you may only need to travel a couple miles to a shelter or friend's or family house to get into an elevated area away from the water. Please don't stay for this storm if you're told to evacuate. If you're not in an evacuation zone then you can stay & you will be ok. Just remember, following the storm, some areas will see widespread & possibly long-lasting power & water outages.",0.105,0.808,0.087,-0.8378,NEG
Milton explosively intensifies to 175mph winds,0.0,1.0,0.0,0.0,NEU
"Hurricane Milton poses a serious threat to Florida. If you are in an evacuation zone, please leave. If you are not in an evacuation zone, you can shelter in place for wind as long as you are not in a mobile or manufactured home. We have plenty of time to prepare and act. Make good use of this time.
#florida #milton #tampabay #HurricaneMilton",0.088,0.835,0.077,0.0772,POS
Hurricane Warnings are now in effect for the entire Bay Area. A Storm Surge Warning is now in effect for our entire coastline. This means hurricane conditions and an 8-12 foot Storm Surge are expected within 36 hours.,0.116,0.884,0.0,-0.5574,NEG
"5pm Hurricane Milton Update: Winds are now an unbelievable 180 mph. Milton is one of the strongest hurricanes ever to form in the Gulf. Hurricane and Storm Surge Warnings are now in effect. The 5pm track really hasn't changed much. There will always be wobbles and slight adjustments, but a track that impacts our area directly is highly likely. Unfortunately, no way to candy coat this.  It's about as bad as it gets. The only favorable scenario is Milton SHOULD weaken due to shear before landfall. NHC has it as a Cat 3 by then. Stay tuned for updates 24/7.",0.148,0.786,0.066,-0.8824,NEG
"People are getting the message! Home Depot plywood line was a circus but that’s a good thing. No panic. No freaking out. Focus, plan & prepare. Stay strong .",0.34,0.46,0.201,-0.6948,NEG
Uncle. Updated surge numbers from the NHC. They have raised max potential surge from 8-12 feet to 10 to 15 feet. Water will be the biggest threat with this storm. The wind will be weakening somewhat at landfall. The surge levels will be the worst along and just to the South of where the eye makes landfall. Most of the area will see winds of 80-95 mph with a small area near the eye actually getting the max winds.,0.116,0.884,0.0,-0.8689,NEG
"The eye of hurricane Milton, up close, over the last 3 hours. This is as impressive as I've ever seen.",0.0,0.845,0.155,0.5106,POS
"Potential impacts broken down from the US National Weather Service Tampa Bay Florida:
POTENTIAL IMPACTS
-----------------
* SURGE:
Prepare for life-threatening surge having possible catastrophic
impacts across Nature Coast, West-Central Florida, and Southwest Florida.
 Potential impacts in this area include:
    - Widespread deep inundation, with storm surge flooding greatly accentuated by powerful battering waves. Structural damage to buildings, with many washing away. Damage greatly compounded from considerable floating debris. Locations may be uninhabitable for an extended period.
    - Near-shore escape routes and secondary roads washed out or severely flooded. Flood control systems and barriers may become stressed.
    - Extreme beach erosion. New shoreline cuts possible.
    - Massive damage to marinas, docks, boardwalks, and piers.
      Numerous small craft broken away from moorings with many lifted onshore and stranded.
* WIND:
Prepare for life-threatening wind having possible devastating impacts across  Nature Coast, West-Central Florida, and Southwest Florida.
Potential impacts in this area include:
    - Structural damage to sturdy buildings, some with complete roof and wall failures. Complete destruction of mobile homes. Damage greatly accentuated by large airborne projectiles. Locations may be uninhabitable for weeks or months.
    - Numerous large trees snapped or uprooted along with fences and roadway signs blown over.
    - Many roads impassable from large debris, and more within urban or heavily wooded places. Many bridges, causeways, and access routes impassable.
    - Widespread power and communications outages.
* FLOODING RAIN:
Prepare for life-threatening rainfall flooding having possible
extensive impacts across Nature Coast, West-Central Florida, and Southwest Florida. Potential impacts include:
    - Major rainfall flooding may prompt many evacuations and rescues.
    - Rivers and tributaries may rapidly overflow their banks in
      multiple places. Small streams, creeks, canals, and ditches may become dangerous rivers. Flood control systems and barriers may become stressed.
    - Flood waters can enter many structures within multiple
      communities, some structures becoming uninhabitable or washed away. Many places where flood waters may cover escape routes.
     - Streets and parking lots become rivers of moving water with
 underpasses submerged. Driving conditions become dangerous. Many road and bridge closures with some weakened or washed out.
* TORNADOES:
Prepare for a tornado event having possible limited impacts across West Central and Southwest Florida. Potential impacts include:
    - The occurrence of isolated tornadoes can hinder the execution of emergency plans during tropical events.
    - A few places may experience tornado damage, along with power & communications disruptions.
    - Locations could realize roofs peeled off buildings, chimneys
      toppled, mobile homes pushed off foundations or overturned,
      large tree tops and branches snapped off, shallow-rooted trees knocked over, moving vehicles blown off roads, and boats pulled from moorings.",0.146,0.828,0.026,-0.9946,NEG
Here’s the latest on Milton as of 6pm Mon evening in 90 seconds. #milton #HurricaneMilton #florida #tampabay #tampa,0.0,1.0,0.0,0.0,NEU
"Recon aircraft finds Milton pressure down to 899mb. Eye is only 4 miles across.
It's the 5th lowest Atlantic pressure on record.",0.28,0.72,0.0,-0.7184,NEG
"MILTON MON OCT 7 | EVENING UPDATE
Milton is a powerful Cat 5 hurricane this evening. Though the storm does pose the most serious threat to the Tampa Bay area that we've seen in decades, the storm will not be its current self when it's approaching our coast. 
1.) The latest track from the NHC makes no adjustment in position but does continue to slow the system down with landfall now not expected until maybe 1 am Thursday morning. 
2.) Because Milton is stronger than forecast now, it's going to be stronger at landfall with a Cat 3 intensity expected.
3.) The intensity forecast however is tricky as Milton is still forecast to enter an area of strong wind shear (Strong upper level winds) as it approaches the west coast of Florida 12-18 hours prior to landfall. The storm may look very intense even 24 hours before landfall but should then quickly begin to weaken as it enters this wind shear. The current intensity forecast calls for weakening. The model forecast included with this post has the approximate time of landfall marked. This is only for the Mon Oct 7 pm advisory track. Notice all the models are in weakening mode at this time. Just how much of that will happen will just need to be seen.
4.) It's important to note that not everyone will see hurricane-force winds with this storm. Most of us will see winds of tropical storm strength. The strongest, maximum sustained winds, will only occur within 2-5 miles of the eye. The hurricane force winds will only extend around 45 miles from the eye. Those in the path of these winds will see destructive winds & widespread power outages. This will be in a small swath & most will not be in it. 
5.) The surge forecast has been updated & increased. It is the worst-case scenario & is the biggest threat from Milton because water is more powerful & will occur over a much wider area than the strongest winds. If you are in an evacuation zone & are asked to leave you absolutely need to leave. Please go. Do not stay. You do not need to leave the area. You may just need to travel a couple of miles to a safer location. Don't leave the state. 
6.) You do not need to evacuate for wind unless you live in a mobile or manufactured home. Otherwise, you can shelter in place. Very few, if anyone really, will see winds that are strong enough to cause serious structural damage. Our homes are built for this. 
7.) Check out the graphics for wind arrival times. Tropical storm winds arrive late Wednesday morning but the serious strong winds don't get here until after 4 pm on Wednesday. The strongest hurricane winds arrive late Wednesday evening & Thursday morning (before 3am). The storm will then weaken & winds will go down as it continues to cross the state. The winds will be over for most of us by midday Thursday. 
Tampa Bay, we got this! Focus, plan & act. We still have all day Tuesday to make necessary preps & even the first half of Wednesday, though wet, will not be horrible. We've done this before, we've been here before, & we will be here after the storm, stronger than ever. Protect your family & your property. You know what to do. We'll be fine. This is not our first hurricane. 
See you in the morning!",0.07,0.818,0.112,0.9851,POS
Monday evening Milton forecast & track discussion. One more day to prep. Milton is a serious threat but it's also one we can & know how to prepare for.,0.122,0.878,0.0,-0.3291,NEG
"9pm Milton Update: Pressure is down to 897 making Milton the 5th most intense hurricane ever to form in the Atlantic. The eye is only FOUR miles wide. Hurricane force winds only extend about 25 miles out. As we said yesterday, small storms can rapidly strengthen (and weaken) faster than larger storms. Let's hope when it hits shear in the Northern Gulf later tomorrow the weakening will begin. Updates 24/7.",0.058,0.831,0.11,0.4576,POS
Milton DOWN to 165. More than likely going thrown and ERC. (Eyewall Replacement Cycle). The inner eyewall collapses (and weakens the storm temporarily) while the new eyewall forms. It usually expands the wind field and makes the storm larger within 12 -24 hours. We will see. New track our shortly,0.085,0.888,0.026,-0.4767,NEG
"11pm Hurricane Milton Update: Winds DOWN to 165 mph. This is due to what we call an ERC or Eyewall Replacement Cycle. A second eyewall forms outside the 1st one and the inside eyewall dies. The process temporarily weakens the hurricane. Unfortunately, the key word is temporarily. It expands the wind field and usually regains its strength. Either way, the track is about the same although the NHC insists model trends to the South appear unreliable. We will see. Either way, a destructive hurricane is coming to the West coast of Florida late Wednesday. The ""cone of uncertainty"" is still located between Cedar Key and Ft Myers. Updates 24/7",0.095,0.865,0.039,-0.7579,NEG
Tue 5 AM advisory is in. Intensity is the same and the track is basically where it was before with maybe a tiny nudge south though I wouldn't read too much into it. Timing is also adjusted now indicating landfall early Thu morning.,0.0,1.0,0.0,0.0,NEU
"The Tue Oct 8 5 AM update is in. Here's what's new in less than 90 seconds. 
#tampa #HurricaneMilton #milton #tampabay #florida",0.0,1.0,0.0,0.0,NEU
"TUE OCT 8 AM MILTON UPDATE
Not many changes here. Here's what's new.
1.) Milton is going through an eyewall replacement cycle. The eyewall will rebuild today. This is a normal part of strong hurricanes & causes changes in intensity up or down.
2.) Milton has begun slowly moving north of east as forecast. Official movement is ENE as it makes a slow turn toward Florida. 
3.) NHC keeps the landfall intensity at Cat 3. There is a TON of uncertainty about this part of the storm at landfall. The NHC has admitted they are on the high-end of the intensity forecast. This is the right way to do it. Prepare for a stronger storm & get surprised by a weaker one. That keeps more people safe. Most models drop this to a strong Cat 2 or even a Cat 1 at landfall. It's definitely possible. 
4.) Landfall time keeps jumping around. Last night it was late Wed now it's early Thursday. Either way, it looks like the two hours around midnight Wed into Thursday is the best guess at the landfall time.
You have all day today to prepare. There will be some rain around this afternoon but nothing severe. There is still plenty of time to secure your property. For those in evacuation zones who were called to leave, you have the time to do it today. 
Even tomorrow won't be horrible. There will be more rain, & maybe some isolated tornadoes, but the hurricane winds & stronger rain bands likely won't begin to impact us until after 4pm on Wednesday.
We got this Tampa Bay! Focus, plan, act! We've gone through these before. Plan for tree damage & power outages that could last past the weekend for many. The recovery for some will take time, but we will recover. 
More updates throughout the day.",0.044,0.86,0.097,0.9298,POS
Milton continues to drift north of east as a strong Cat 4 hurricane. Indications are it is building a new eyewall. When this is done it could again gain strength.,0.0,0.708,0.292,0.872,POS
Milton continues to show fluctuations in intensity. Winds are at 145 mph with a pressure that's up a bit since the last update. No changes in track.,0.161,0.839,0.0,-0.5267,NEG
"By far, the biggest impact the most people will see from Milton is power outages. This will be a HUGE power disruption event and some may not have power for days following the storm.",0.068,0.849,0.083,0.1363,POS
"Winds are Milton are down, pressure is up.  What’s going on? Here’s a quick 90 second update.  
#HurricaneMilton #tampabay #milton #tampa #florida",0.099,0.901,0.0,-0.296,NEG
Is this you right now?,0.0,1.0,0.0,0.0,NEU
11am Update: Milton now at 150 mph winds. Intensity will continue to fluctuate through the day.,0.0,1.0,0.0,0.0,NEU
"Milton Midday Update | Tue Oct 8
11am track & advisory is in on Milton. There are more graphics here than words. Feel free to get into the images for some hour-by-hour info. Pay attention to the timestamp in the upper right of each map. 
1.) Milton is a little stronger this morning now that an eyewall replacement cycle has ended & new eyewall has formed. Though the winds are up to 150 mph the latest pressure from the aircraft is 930mb which is a little higher. Milton may be leveling off for a bit. The eye is 3x larger than the one we had yesterday, at 12 nautical miles. 
2.) Milton is slowly being pulled north as it heads east away from the Yucatan & toward the west coast of Florida. Today is your last full day to prepare for the storm. Take advantage of it by securing your property & protecting your family. 
3.) There is little change to the track & the spaghetti models have basically come into agreement with the NHC track. At this point, significant changes to the track are unlikely. Milton will make landfall on the west coast of Florida near Tampa Bay early Thursday morning. 
4.) The timing keeps getting adjusted. NHC now has landfall around 2am Thursday with a position near Davenport at 8am Thursday as still a Cat 2 hurricane. 
5.) The surge forecast hasn't changed & the latest track would point to the highest surges south of the Bay into Manatee & Sarasota county. Here, the surge from Milton may be DOUBLE what it was in Helene or more. Wobbles north or south would change this forecast & a wobble north into southern Pinellas county would push more water into the Bay. Surges over 10 ft. are possible from the south part of the Bay through the entire Manatee & Sarasota County coasts. You should not be in a flood zone during this storm. Please run from the water.  
6.) The NHC is a bit high on the intensity forecast at landfall with a wind speed of 125 mph though honestly not by a ton. I'd say the average model intensity at landfall now is around 115 mph which is still Cat 3. A strong Cat 2 with winds of 110 or 105 mph is possible too. There is little difference between 110 Cat 2 & 115 Cat 3 winds. 
Gusts at landfall & near the eye could exceed 100 mph. Watch the northern & NW part of the eyewall of this one. There may be strong winds in the northern half of the eyewall & this part of the storm could easily track over Pinellas & Hillsborough Counties. 
By far the biggest concern for those not in flood zones is power outages. Trees will be blown over, uprooted or snapped in half. They will fall on homes, cars, fences etc. This is where most of the damage will come from outside of the surge. This area of heavy tree damage will only happen in an area maybe 40-60 mi. wide. Right now the NHC things hurricane winds on landfall will only extend 35 mi from the storm. When it's over Polk County hurricane force winds will only extend 20 miles from the center. You really will have to be right next to the eye to see the strongest winds. Those outside of this area will only see tropical storm wind gusts.      
I would expect that tree damage in some areas will lead to outages that last more than a week. Roads will likely be impassible over a large area on Thursday. Make sure you have enough to live on for 5 days if riding it out at home. 
Charge your batteries, phones, and laptops. Remember some laptops can charge other devices via cables. After the power is out, you may find your home unusually quiet. Be sure to download your favorite playlists in your music app, or maybe some audio books. These can be streamed to a battery-operated Bluetooth speaker with the phone screen off, preserving a bit of battery while cutting into the silence. 
Focus, plan, act. We've done this before, we'll get it done again! The recovery may be slow at first but things can be cleaned up, homes rebuilt & power restored. So many storms have had us going through this drill before that I really do believe that we are ready for the real deal! All those dress rehearsals will make coming out of this one easier. 
Stay strong, Champa Bay!",0.014,0.925,0.061,0.9812,POS
"Milton’s intensity is up. Models really coming together on a track today. Here’s the latest in 90 seconds. 
#tampabay #tampa #florida #HurricaneMilton",0.0,1.0,0.0,0.0,NEU
"When it comes to surge in Tampa Bay, the exact location matters down to the mile. 
#HurricaneMilton #tampa #florida #tampabay #HurricaneMilton",0.0,0.948,0.052,0.0258,NEU
"Timing out the wind with Milton for Central Florida. If you’re not in a flood zone your biggest concern is wind. Tree damage & power outages will be widespread. 
#HurricaneMilton #tampabay #florida #tampa",0.096,0.904,0.0,-0.4939,NEG
"Track mostly steady.  Intensity still an issue. Here is the latest on Milton & some tips about how to be a bit more comfortable through the storm. Focus, plan, act. You got this! 
#Milton #HurricaneMilton #Tampa #TampaBay #Orlando #Florida",0.0,0.903,0.097,0.5974,POS
"2PM Update: Milton has strengthened to 155mph winds, still forecast to weaken prior to landfall.",0.151,0.699,0.151,0.0,NEU
Weather man boards up: It’s happening!,0.0,1.0,0.0,0.0,NEU
Whoa!,0.0,1.0,0.0,0.0,NEU
Milton's eyewall replacement is done. New eye is 12 nautical miles across. Winds back up to 155 mph.,0.0,1.0,0.0,0.0,NEU
"That top blue line is where the 11am NHC track was for Milton. Those other lines are the latest models, or ""trackers,"" as the NHC calls them. Is this a new trend?",0.0,0.943,0.057,0.2023,POS
"Milton's eyewall replacement cycle had it to a little upside down ""U"" movement in the Gulf. It's moving more east than north. This could have future track implications. Cone shift? #flwx #Milton #HurricaneMilton",0.0,1.0,0.0,0.0,NEU
"Was it a wobble? Or is Milton up to some tricks? 
#HurricaneMilton #Milton",0.145,0.855,0.0,-0.2168,NEG
"5pm Milton Update: As expected, because of today's ""wobble"" to the Southeast, the NHC has bumped the track of Milton a bit to the South. Unfortunately, Milton is now a Cat 5 hurricane again with winds of 165 mph. The storm is an extremely dangerous hurricane that will bring catastrophic surge to the West coast of Florida. Of course, this change increases the threat of higher surge to areas from Sarasota Southward. Updates and analysis 24/7.",0.152,0.848,0.0,-0.908,NEG
"Rainfall may be a big issue with Milton in a narrow band north of the eye. Indications are that the northern eyewall may produce HUGE amounts of rain. This could cause some serious flooding. NHC forecast shows a band of 8-12"" totals possible north of the eye with a narrow band of 12-16"" (red). This could be a very serious problem & stretch all across Florida as Milton moves NE",0.081,0.874,0.044,-0.1394,NEG
Here's the latest on Milton as of Tue Oct 8 at 7pm in a 90-second update.,0.0,1.0,0.0,0.0,NEU
"MILTON EVENING UPDATE TUE OCT 8 7PM
1.) Milton is back to Cat 5 with pressure that continues to fall in the eye. This has caused winds to increase to 165 mph. 
2.) Track is back to ENE but earlier today, while a new eyewall was forming, Milton took a jog, a wobble, to the east. This has shifted the track east too & thus a landfall a little farther south from the previous track. 
3.) Though this improved the surge prospects for Tampa Bay, potentially lowering the surge, it increase the threat for surge across Manatee & Sarasota Counties. The surge forecast has been increased in these areas to 8-12 ft. The surge forecast has been increased by 1ft for Ft. Myers too. 
4.) Timing with Milton hasn't changed much. A landfall of around 2 AM on Thursday still seems reasonable. Milton is still forecast to be weakening as it approaches the coast but a major hurricane is still likely. If Milton continues to maintain Cat 5 intensity it could still be a Cat 4 as it approaches the coast. Future fluctuations in strength are very important to this forecast. 
5.) Milton will become larger as it approaches the coast & weakens spreading its winds over a larger area. Even though the center is now forecast to move farther south, hurricane force winds are still likely to extend north toward Tampa & the I-4 corridor along with Pinellas County. These winds would then move ENE south of I-4 impacting Polk, Manatee, Sarasota, Hardee, DeSoto & Highlands counties.
There's still a lot to be determined with Milton but the track continues to narrow as the storm gets closer. The NHC will have another track update at 11pm tonight & one at 5am tomorrow. You'll see the 11pm post here. I won't do a long update here as I work at 3 am but expect another long update after the 5 am track is released tomorrow. 
Focus, plan, act. Have a good night.",0.043,0.857,0.1,0.9582,POS
"Milton has made some interesting moves today. There's been a small track change that may mean a big change for some. Here's the latest in a Tuesday evening, Oct 8, video discussion.",0.0,0.912,0.088,0.4019,POS
Was just about to fall asleep when…. Anyone else just get this?!,0.0,1.0,0.0,0.0,NEU
"11pm Hurricane Milton Update: Milton now has winds of 160 mph. It's still a powerful Category 5 hurricane. The updated track looks to be a bit South of the 5pm advisory, with projected landfall near Sarasota. The cone reaches from Pinellas County to Fort Myers. A track like this would increase surge levels across our Southern Counties and all the way down to Fort Myers. We'll continue to update overnight and 24/7.",0.0,0.879,0.121,0.7783,POS
It's not just phones you should be charging!,0.0,1.0,0.0,0.0,NEU
"This is serious. Rainfall north of the track of the eye could reach more than 12"". Flash flooding threat is HIGH.",0.197,0.756,0.046,-0.5574,NEG
"When you lose power & cell service the house is not only dark but also QUIET. You hear the wind, the debris outside. This can make kids & adults nervous. Here's a tip to help make that time a little easier",0.102,0.745,0.154,0.5123,POS
BREAKING | Milton is now forecast to make landfall as a Cat 4 storm. Track has been bumped a bit NORTH as global models continue to show landfall closer to the mouth of the Bay in Manatee County.,0.0,1.0,0.0,0.0,NEU
"NHC 5AM: ""It should be noted that this forecast is
based on the model fields, not the interpolated models which
appear to be too far south.  Users are urged not to focus on the
exact landfall point as the average error at 24 hours is about 40
miles.""",0.054,0.946,0.0,-0.4019,NEG
"NHC 5AM: Damaging winds,
life-threatening storm surge and heavy rainfall will extend well
outside the forecast cone",0.156,0.664,0.18,-0.128,NEG
Some important updates to Milton's landfall in the 5AM advisory. Here's all you need to know in 90 seconds.,0.0,0.909,0.091,0.2023,POS
Heads up! The heaviest rain and highest threat of flash flooding will likely happen 40-60 miles NORTH of the center. This is outside of the cone. The impacts from hurricanes extend well away from the center. Don't focus just on the cone or the point of landfall.,0.066,0.855,0.079,-0.2244,NEG
"Such a close call for the Bay! The 5AM forecast was nudged north by just a few miles and the SLOSH model forecast for surge in the Bay increased from 3ft. to over 6ft in some cases in eastern and southern Hillsborough County while the NW part of the Bay near Oldsmar may see nothing. 
Any more wobbles to the north will send these numbers WAY up. Any more wobbles to the south will send these numbers WAY down. 
All we can do is watch and track. It's still not too late to get out of the way if you are in an evacuation zone. Run from the water. Hide from the wind.",0.015,0.964,0.021,0.1759,POS
Seeing the landfall category change from Cat 3 to Cat 4 may be concerning. But here is why it's not as big of a deal as it may seem at first.,0.0,1.0,0.0,0.0,NEU
If you lose power in the Tampa Bay area you can listen to continuous storm coverage on these radio stations,0.124,0.876,0.0,-0.4019,NEG
The 8am update from the NHC shows winds down to 155mph in Milton and a higher pressure. Milton has lost its well-defined eye. This is either an eyewall replacement cycle or its beginning to feel the impacts of strong upper level winds to the north that will gradually weaken the storm as it approaches Florida today,0.119,0.828,0.054,-0.4588,NEG
The counties in red are now under a tornado watch until 9pm. Rain bands ahead of Milton today could produce isolated tornadoes and waterspouts.,0.095,0.905,0.0,-0.3182,NEG
A tornado watch has been issued for central & south Florida until 9pm. Brief tornadoes are common on the east side of landfalling tropical system.,0.0,1.0,0.0,0.0,NEU
Why the flood threat with Milton? Heavy rain from the storm extends almost 400 miles head of the storm. The rain will fall for hours even before the actual hurricane approaches with even more rain. Take the fresh water flood threat seriously north of the storm's track.,0.157,0.773,0.07,-0.6908,NEG
"There has been an update to the surge forecast. Here is what has changed. 
#Milton #HurricaneMilton #Florida #Tampa #Orlando #TampaBay",0.0,1.0,0.0,0.0,NEU
"The math to me does not make sense. The hurricane center has Milton making landfall at the Manatee or Sarasota county coast at 2AM. 
Currently, (10am) Milton is 175 mi. away moving NE at 16 mph. If this speed stays the same (it may actually increase), Milton is less than 11 hours from landfall.
I think the landfall may happen before midnight. That doesn't change the impacts, just moves up the timing of them.
I'll keep tracking it.",0.0,1.0,0.0,0.0,NEU
"Who’s done this for the storm? 
#Tampa #Milton #Orlando #HurricaneMilton #Florida #TampaBay",0.0,1.0,0.0,0.0,NEU
"11am Milton Update: Milton weakens and increases in forward speed. Landfall now expected to be earlier.
The NHC has finally caught on to what I was saying earlier...Milton is moving FASTER & landfall will be earlier. It's now moving forward at 17 mph. Landfall will be before 10pm. 
The timing doesn't change the impact. They did reduce forecast intensity to 125 mph (Cat 3) at landfall but that's just 5mph less than the previous advisory & not a significant change. But we'll take every mph reduction that we can! Let's hope it weakens even faster!",0.072,0.888,0.039,-0.3009,NEG
"Everything new in the 11am update in 1 min. 
#Florida #HurricaneMilton #Orlando #Milton #Tampa #TampaBay #sarasota",0.0,1.0,0.0,0.0,NEU
"Check out these images from FDOT cameras shared by Florida Department of Highway Safety and Motor Vehicles of tornadoes near I-75 in the Everglades caused by Milton. These will spread north & NW into our area today. A tornado watch is up until 9pm. 
Pics: Florida Department of Highway Safety and Motor Vehicles",0.0,0.857,0.143,0.7906,POS
Sunshine Skyway Bridge is now closed,0.0,0.61,0.39,0.4939,POS
"2 PM MILTON | The NHC has winds now at 130 mph. The eye is located 150 miles SW of Tampa and moving NNE at 16 mph. Surge forecasts have been updated. 9-13' Anna Maria to Boca Grande, 8-12' Anclote River to Anna Maria including Tampa Bay. Live updates on air all day.",0.0,1.0,0.0,0.0,NEU
Hurricane force winds will potentially extend as far north as southern Pinellas and the south half of Hillsborough Counties as Milton passes to the south.,0.0,0.934,0.066,0.1779,POS
"Hurricane Milton 3pm Update: Winds are now at 130 mph. Milton will be making landfall this evening. New track update at 5pm. At this point, there will be a wobble or two, but the track continues to show landfall as a Cat 3 hurricane along the Manatee or Sarasota county coastline",0.0,1.0,0.0,0.0,NEU
Flash flood warning up until 5:30 pm for Pinellas County. Heavy rain has been falling across the county all day. Flooding may already be occurring and with heavy rain continuing the flood threat will only increase.,0.177,0.767,0.055,-0.6249,NEG
Large flash flood warning has just been issued from Hillsborough through Polk down into Highlands counties. Heavy rain from hurricane Milton is likely to cause flash flooding this evening and overnight in this area,0.068,0.932,0.0,-0.34,NEG
Update on Hurricane Milton as it heads toward the west coast of Florida. Oct 9 3:30pm,0.0,1.0,0.0,0.0,NEU
Wow! This was from Milton.,0.0,0.494,0.506,0.6239,POS
"4 PM position is in. Winds at 125 mph. Milton is a Cat 3 hurricane moving NE at 17. Pressure in the eye continues to rise indicating Milton is weakening. The eye wall is open, also an indication of a weakening system. The storm is still likely to make landfall as a major hurricane.",0.129,0.871,0.0,-0.7003,NEG
I've been watching this track very carefully. Milton is supposed to turn more east but has yet to do so. On it's current trajectory it's headed more toward the mouth of Tampa Bay versus Sarasota. A closer landfall to the Bay would increase the water levels in the Bay. We need to watch this carefully. Every position fix from the NHC matters.,0.0,0.881,0.119,0.6894,POS
"Milton is NOT going to make a landfall in Sarasota County. Look at the current path & the forecast. Unless this storm is going to make a HARD right, a landfall is going to be farther north. My concern now shifts in Manatee & southern Pinellas. This is concerning for Bay surge levels as those high forecast numbers may come true",0.036,0.916,0.048,0.1697,POS
Milton is not turning right as the forecast indicates. It's still moving NE. This will make the landfall point farther north than the current forecast is indicating.,0.0,1.0,0.0,0.0,NEU
"5PM track update is in! The NHC sees the wobble, track has been adjusted NORTH. Now have it coming across NW Manatee and Southern Hillsborough. Winds down to 120 mph. Surge threat for the Bay has increased. Strong winds will be north of the track across Pinellas, Hillsborough and Pasco Counties.",0.06,0.841,0.1,0.3164,POS
Latest update shows hurricane force winds this evening across the majority of Pinellas and Hillsborough counties. This will move NE into Polk County too. Highest surge will be south of the track in Manatee and Sarasota counties with some water rise in the Bay.,0.0,1.0,0.0,0.0,NEU
"Surge forecast has been updated. 6-9 ft. in Tampa Bay based on the current track. 
#sarasota #Tampa #HurricaneMilton #Florida #Milton",0.0,1.0,0.0,0.0,NEU
The 5PM advisory is in & there are changes to the track which means changes in wind & surge forecast. Here's the latest in 90 seconds,0.0,1.0,0.0,0.0,NEU
"How is it where you are?
Be sure to tell me the town you're in!",0.0,0.844,0.156,0.3802,POS
"Radar estimates indicate that 3-7"" of rain has already fallen across the area with the heaviest amounts near the coast. Much more is still to come. Flash flooding threat is very high north of the track of Milton",0.141,0.859,0.0,-0.7096,NEG
"5PM conditions in downtown Tampa as Hurricane Milton moves in.
#HurricaneMilton #Tampa #Milton #Florida #sarasota #Orlando #TampaBay",0.0,1.0,0.0,0.0,NEU
6 PM MILTON UPDATE: Milton continues to moves closer to the coast. Still a major hurricane. Heavy rain and very strong winds are expected. We will keep you posted with more updates throughout!,0.0,0.885,0.115,0.5974,POS
6PM position is in the from NHC. Winds remain at 120mph. Milton is a category 3 hurricane. It's located about 50 mi. WSW of Sarasota.,0.0,1.0,0.0,0.0,NEU
Egmont Channel weather station (west of Skyway) reported wind gust to 77 mph,0.0,1.0,0.0,0.0,NEU
"Security camera footage shows heavy rain causing some flooding at a low area in Tampa near the Waters/Vets area. Check out the wind blowing the gate out! 
#TampaBay #Orlando #Milton #Florida #HurricaneMilton #sarasota #tampa",0.059,0.866,0.075,0.1511,POS
Conditions are rough at Clearwater Beach already & the eye of Hurricane Milton is still 70 miles to the south. Video taken 6pm Oct 9.,0.0,1.0,0.0,0.0,NEU
"MILTON | Here's a look at some of the highest wind gusts so far. The strongest winds will begin moving into Sarasota, Manatee, Hillsborough and Pinellas counties over the next 3 hours as the eye makes landfall.",0.0,0.913,0.087,0.4877,POS
"The strongest winds in Milton are on the NW eyewall. The radar is scanning high up in the clouds this far out so these winds are likely not the same at the surface. This area will move into Pinellas, Hillsborough and Manatee counties over the next several hours.",0.0,0.942,0.058,0.4404,POS
"If you just got this alert you’re going to be in the stronger part of the eyewall in Hurricane Milton. This is just for wind, not surge. 
#TampaBay #Milton #HurricaneMilton #sarasota #Orlando #Florida #tampa",0.0,0.863,0.137,0.6249,POS
Are you seeing flooding from the rain?,0.0,1.0,0.0,0.0,NEU
"AN EXTREME WIND WARNING is now in effect for Pinellas, Hillsborough & Manatee counties until 9:30 p.m. Winds in these areas around the eye could be over 100 mph as it moves onshore. This is an extremely dangerous situation. We're live on air nonstop with the latest.",0.129,0.871,0.0,-0.7598,NEG
"An extreme wind warning has been issued for Tampa Bay as the strongest part of Hurricane Milton, the NW eyewall are moving in.",0.091,0.798,0.11,0.128,POS
The Extreme Wind Warning issued for Tampa Bay is the first one ever issued for this area.,0.13,0.87,0.0,-0.34,NEG
MILTON | The 7 p.m. update from the NHC maintains winds at 120 mph as it's moving NE at 15 mph. Landfall expected through the next two hours. Strongest winds moving onshore now Sarasota county north to Pinellas.,0.0,0.923,0.077,0.4404,POS
"As the eye of Milton passes by, some will not see the strongest winds from the storm until they NW side of the eye wall gets to them on the back side of the eye. Power outages are very likely in areas that experience this part of the storm.",0.048,0.952,0.0,-0.3412,NEG
Don't focus on where the eye goes. Brooksville is 100 miles from the eye & just reported a gust to 69 mph,0.0,1.0,0.0,0.0,NEU
The official landfall is not where the eyewall comes on-shore. It's where the CENTER of the eye crosses land.,0.0,1.0,0.0,0.0,NEU
Sarasota Bradenton International Airport (SRQ) just reported a wind gust to 96 mph in the eyewall of Milton.,0.0,1.0,0.0,0.0,NEU
"Hurricane Milton Update: Hurricane Milton is about to make landfall as a Category 3 hurricane between Sarasota and Venice. For folks in the Bay Area, you are in the Northern eyewall. An Extreme Wind Warning remains in effect until 9:30. #FloridaStrong",0.059,0.941,0.0,-0.34,NEG
8PM position shows Milton is in the process of making landfall. The current location is 20 mi WSW of Sarasota. Winds are 120 mph and it's moving ENE at 15 mph,0.0,1.0,0.0,0.0,NEU
The lights in our studio are swaying.,0.0,1.0,0.0,0.0,NEU
NHC: EXTREMELY DANGEROUS CATEGORY 3 HURRICANE MILTON MAKES LANDFALL NEAR SIESTA KEY FLORIDA 8:30pm Oct 9,0.272,0.728,0.0,-0.7058,NEG
Current conditions outside of our studios as one of the stronger parts of Milton moves through Tampa.,0.0,0.86,0.14,0.3818,POS
"Strong winds continue to move through Tampa, Fla. as the strongest part of Milton moves into the area. Taken Wed Oct 9 at 8:30 pm",0.0,0.78,0.22,0.7351,POS
"We continue to see EXTREME winds in the Northern eyewall of Milton. Pinellas, Hillsborough and Manatee counties remain in an Extreme Wind Warning until 9:30.",0.091,0.909,0.0,-0.34,NEG
Milton has officially made landfall. Reverse surge happening in Tampa Bay & the Gulf coast.,0.0,1.0,0.0,0.0,NEU
"SAT OCT 5 | MORNING UPDATE
NHC continues to push the chance of development in the southern Gulf up. It's now up to 70% in the next 48 hours. A broad area of low pressure has already developed in this area & although it's not fully organized into a tropical system, NHC reports its already producing near Gale force winds. 
The first set of model spaghetti plots is very much similar to the main global models with & maybe, on average, a bit farther south. These will change a lot until the center becomes more well-defined. Multiple NOAA aircraft missions into the storm will likely help inject some higher-quality data. These missions are scheduled today so expect the forecasts to maybe do some re-adjusting as that comes in over the next 24 hours. 
Looking back to the models with Helene, it seemed like the EURO & GFS overall did better together than any of the spaghetti plots. The tropical models were all pointing to a track west of Tallahassee while the EURO & GFS were insistent on Taylor County. In the end, it was a Taylor County landfall so with this one I'm willing to believe the GFS & EURO more at this point. 
It's hard to believe the intensity forecasts as it is early but the range really hasn't changed much recently. We're still looking at anything from a strong tropical storm to a Cat 2 hurricane at this point. The point of landfall is crucial. North of the center is where the heaviest rains will fall with this one & we're likely to see a ""reverse surge."" South of the center there will be a surge with the on-shore winds & possibly less rain. 
The timing hasn't changed. This is a Wednesday storm. It moves in Wednesday morning on the west coast of Florida & exits into the Atlantic by Wednesday evening. The whole thing is done by late Wednesday night & Thursday the weather will be good. 
More updates to come!",0.014,0.938,0.049,0.906,POS
"TROPICS | The NHC now has development chances for our next system at 70% in the next 2 days. Expect a numbered or named system by Monday in the Gulf, with a possible track from the NHC late Sunday or early Monday. We'll keep you posted as the updates come in!",0.0,0.957,0.043,0.2714,POS
Tropical Depression 14 has developed in the SW Gulf of Mexico. The first track from the NHC brings it to Florida's West Coast Wednesday as a strong Category 2 hurricane. More information to come throughout the day.,0.092,0.825,0.082,-0.1027,NEG
"Folks, more Dee-tails on this later but I wanted to get this out early. TD 14 poses a significant threat to Florida Wednesday. The track here is very important in terms of impacts & the intensity forecast is always the trickiest but from what we're seeing here this would be a ""board up the house"" type of storm for whomever the eye comes close to.
The track is not definitely not set. This is a first draft. The cone over Florida is VERY wide indicating a lot of uncertainty. This is not as clear as what we had with Helene.
Remember, the cone represents the area where the eye goes 2/3 of the time. The impacts will extend far beyond the cone.
Please make sure you are frequently checking in on this storm & its progress. Watches and warnings will be needed for the Florida west coast by Monday morning though may be issues as early as Sunday.",0.109,0.797,0.095,-0.5382,NEG
Breaking. TD 14 is tropical storm Milton.,0.0,1.0,0.0,0.0,NEU
"Update: We now have Tropical Storm Milton with winds of 40 mph. Remember, the NHC tracks update every 6 hours. (5pm, 11pm, 5am and 11am)  One other important reminder. The cone you see is not manipulated or moved by the NHC based on expected track of the storm. It has NOTHING to do with the actual storm forecast. It is merely the average margin of error on a track by the NHC over the past 5 years. If the average error is 150 miles on Day 5 (It is), that's how far the cone extends from the forecast center of the storm. Most models are showing if there were to be a change in track, it would be South, not North. As always, we'll be updating 24/7.",0.042,0.915,0.043,-0.2302,NEG
"GFS vs EURO on Wed for #Milton. Slight timing & intensity difference but the position & track is almost identical. Reminiscent of #Helene, which these two models NAILED. #Milton poses a serious threat for the west coast of Florida. #flwx ABC Action News - WFTS - Tampa Bay",0.129,0.871,0.0,-0.7227,NEG
"MILTON | OCT 5 2024 | 4 PM UPDATE
Here are some thoughts on Milton.
Obviously, things have moved very quickly over the last 24 hours. It's very important that you share all information about this storm with others as people's attention may be down because of the weekend & continued clean-up along the coast. At this point, I would stop all repair efforts along the coast. Don't put up anything new until this threat passes by. It's not worth the risk of ripping it all out again.
TD 14 was quickly upgraded to Tropical Storm Milton this morning. The storm is expected to be a slow mover over the next couple of days before beginning to accelerate toward Florida Monday. At this point the only way it exits the Gulf is through the state.
TRACK TRACK TRACK. It's CRUCIAL! The ""winds"" that you see listed on the storm's graphics are the maximum winds measured in the storm by the hurricane hunter aircraft. These winds are only VERY close to the center. As Milton becomes stronger, which it will, the strongest winds will CONTRACT or move close to, the center. This means that, for instance, if the winds reach 110 mph, that 110 mph wind will only be found within 5-10 miles of the eye on the right front side of the eye wall. The rest of the storm will feature winds that are MUCH less. The wind speeds drop quickly as you move away from the eye with, by far, the largest area of the storm being composed of tropical storm force winds, even if it's categorized as a hurricane. This is why the exact track is so important.
We are 4 days out from the storm. The NHC forecast is historically the most accurate. At this range, the average error is 125-150 miles. That's a HUGE range & will make an ENORMOUS difference in what any area experienced. A 150 mile difference could mean anything from Cat 3 winds & damaging surge to 50 mph winds & no surge at all, maybe even a reverse surge. We simply don't know where the eye will go, & for this one, unlike Helene, every mile the eye wobbles or moves will absolutely make a difference in who gets what & how much. I can't tell you what you'll get just yet.
Milton's position & track is basically the one we want to see the least for Tampa Bay. This kind of approach would definitely move water & the wind could be an issue too. The NHC has Milton making landfall with winds of 110 mph, a strong cat 2 but cat 3 starts at 111 mph. 
It's best to assume, & prepare for, Milton making landfall as a major category 3 hurricane or stronger & getting surprised with a weaker storm. 
The average error in intensity 4 days out is around 15 mph. That makes a big difference. The EURO keeps Milton a tropical storm while the GFS makes it a cat 2 hurricane. Some of the models make it stronger but overall I'd lean toward the GFS when it comes to intensity, it did better with Helene in that regard. 
It's also important to understand that we are still very early in the tracking process. I realize the cone looks huge & covers the whole state, but please understand that the worst part of the storm will only be 40-50 miles wide. The other 400 miles of storms will be substantially less strong. So although most that are in the cone now will get something from this storm, the VAST majority of people will not see the maximum impacts of the storms. Preparations however are best done for the worst assuming you're doing so out of an abundance of caution & that it's most likely that what your particular area gets will not be the worst. 
This is not the time to board up & really put plans into actions just yet. We're still in the watch & track phase. This is the time to get regular updates & maybe make some early plans so that when watches & warnings are issued you can put those plans into action. 
Do you have your hurricane kit? 
Did you use something from that kit in Helene that you need to replace? 
Do you know where all your window covers are? 
What about the hardware to attach them? 
Are your batteries fresh? 
Have any non-perishable food items expired? 
Have you backed up all important documents to the cloud? 
Do you have physical copies of those documents protected from wind & water so that they can be accessed if the internet is out & those backups are not accessible?
These are the types of things you could have been doing in May. If you didn't & are feeling some nervous energy, use it to get the basics covered now. 
I'll be posting updates & insights throughout the day & weekend.
#milton #hurricane #flwx #florida #storm #severeweather",0.051,0.867,0.082,0.9691,POS
Update on the latest on Milton for Saturday afternoon.,0.0,1.0,0.0,0.0,NEU
"Tropical Storm Milton 5pm Track:  Obviously, not a great track for the Bay Area. Remember, this far out, the average margin of error is 150 miles. So, the entire West coast of Florida is still in play for landfall. Latest track has bumped up intensity 5 mph making Milton a Cat 3 hurricane at landfall. Surge and strongest winds will be along and just SOUTH of where the eye makes landfall. There will be a swath of 5-10 miles that will see the extreme impacts. You've got to prepare as if where you live will be in that zone. Obviously, the odds are higher that it will be elsewhere considering the large margin of error this far out, but DO NOT underestimate or minimize potential threat with this system. We will update 24/7 and our 1st DPL will stream at 7pm on Facebook tonight and our ABC Action News Streaming Channel.",0.067,0.894,0.038,-0.6668,NEG
NEW | NHC now forecasts Milton will make landfall as a major hurricane on the Florida west coast Wednesday. Here is the latest in 90 seconds. #milton #hurricane #florida #tampa #tampabay #severeweather #SevereWeather #SevereWeatherPreparedness #SevereWeatherAlert,0.0,1.0,0.0,0.0,NEU
"How’s everyone doing? Taking deep breaths? What’s your stress level over this next possible storm on a scale from 1-10, 10 being max stress",0.221,0.779,0.0,-0.7149,NEG
"Even before Milton approached the west coast of Florida on Wednesday, our area will see quite a bit of rain, some of which is already moving in. Plenty of it will fall at times Sun-Tue leaving us with 4""+ in some spots.",0.0,1.0,0.0,0.0,NEU
"SAT OCT 5 | 10 pm
Quick check of the spaghetti plot this evening yields no extra clarity. Models jumping all over the place. It’s interesting to see that although many are clustering north, there continues to be some that point more south into South Florida with a break in-between. That’s interesting. Typically, if there is little agreement, you get a “shot gun” type spread in the model tracks, with the lines equally spread over a wide area. Here we seem to have two groupings. A track more to the south, into the Everglades is a bad deal for south Florida but it definitely helps those on the west coast. Time will tell.",0.033,0.843,0.124,0.8626,POS
"I know you’ve been seeing a ton of Milton maps out there, some even zoomed all the way down into the Bay area. All of them showing positions & lines. That middle line is really a hurdle for our brain making it difficult to ignore. The line connects points, the positions from the NHC which are drawn out in time. The positions are nearly places in the middle of a line that shows the width of the forecast cone which highlights the area the eye stays in 2/3 of the time. The lines get longer as the cone gets wider as the average error grows to 150 miles this far out. The lines are drawn at time intervals & which ones are shown is decided by the person making the map. 
You see, maps are all inherently wrong. There is no perfectly accurate map. That’s because maps are 2D & the world is in 3D. No matter how you draw a map, & which type of map you choose to use, you’re always throwing something off, distorting some truth, skewing reality. Of course, only the map maker knows these faults. Nowhere on the map does it say what to watch out for. Our brains analyze the image & naturally follow the cone mid-way through, drawing that track line down the middle whether it’s there or not. 
I would really prefer that the NHC forecast just look like this. The cone, & position markings for the lines drawn at specific intervals indicating where the eye may be 24, 48 or 72 hours from now. No mid-point line, no position icons. 
Why? Well, the storm doesn’t move in straight lines. It doesn’t perfectly cut right down the middle of the cone as if it knew the average of the spaghetti plot & just chose the most likely route. Storms are erratic. They’re not on a track, & certainly not on a line. They wobble & slide, take two steps forward and a half step back. They’re chaotic, random & full of imperfect motion. The map, with its cone, positions & center line try to smooth all that out, take out the chaos, the imperfections, the uncertainties, sometimes to a fault. Smoothing the twist & turns, eases our brains into a satisfying level of organization & reason that convince us that what we’re seeing is a true projection of reality, the actual track. 
Nothing can be farther from the truth. The truth is the storm will take its own path from its current position to some future location off the Florida east coast. At times its path will follow the GFS, at others the HWRF, then the EURO only to finish on a little UKMET just to keep it interesting. 
I’ll be here updating you on it all. Until then, don’t stress out about the exact track. No matter which track you see drawn on a map, I can guarantee the storm will not take any of them exactly.  
#milton #hurricane #storm #florida #tampa #tampabay #severeweather #SevereWeatherPreparedness #SevereWeatherAlert",0.091,0.835,0.073,-0.8568,NEG
"11pm Tropical Storm Milton Update:  New track is in. Milton is a bit stronger tonight.  No real changes to the thinking or track, though. . Milton is a small storm, which means it can strengthen (or weaken) quicker. NHC still has it as a Cat 3 as it makes landfall. Again, the average margin of error in track this far out is 150 miles. The pretty much includes most of the West coast of Florida. Hurricane Watches and Storm Surge watches will be issued for our area on Sunday. Updates 24/7 as always including overnight.",0.05,0.867,0.083,0.4939,POS
"The 11 pm advisory comes with a track update. There are no major changes.
Generally the NHC does not believe that Milton will ever make any kind of southward dip in its track like some of the models are indicating. 
The official forecast keeps Milton on a eastward motion over the next couple of days before turning more NE toward the west coast of Florida. Intensity forecast seems to be consolidating on a stronger storm. The NHC has chnaged little in its down intensity forecast keeping this a cat 2 hurricane even a bit after landfall somehwere on the Florida west coast. 
Next track update is at 5am. 
#milton #hurricane #floirda #tampa #tampabay",0.02,0.934,0.046,0.4404,POS
