subreddit,subreddit_category,lane,selection,debby,helene,milton,total
florida,statewide,community_discussion,original,15889,17731,20326,53946
TropicalWeather,meteorological,community_discussion,original,2515,11530,27024,41069
tampa,local,community_discussion,original,4151,7182,16845,28178
NorthCarolina,statewide,community_discussion,added,8143,9736,5111,22990
hurricane,meteorological,community_discussion,added,766,5761,16341,22868
Georgia,statewide,community_discussion,added,8658,10499,2660,21817
asheville,local,community_discussion,added,0,11910,0,11910
sarasota,local,community_discussion,original,2943,1902,2955,7800
HurricaneHelene,meteorological,community_discussion,added,0,244,0,244
TOTAL,,community_discussion,,43065,76495,91262,210822
